19 Mar 2025 16:36:01,388 INFO  ro.mpp2024.repository.RepositoryDBUser 24 <init> - Initializing CarsDBRepository with properties: {jdbc.url=jdbc:sqlite:C:\Intellij Projects\basket.db} 
19 Mar 2025 16:36:01,401 TRACE ro.mpp2024.repository.RepositoryDBUser 78 save - Enter Saving user ro.mpp2024.domain.User@4d154ccd
19 Mar 2025 16:36:01,402 TRACE ro.mpp2024.repository.JdbcUtils 48 getConnection - Enter
19 Mar 2025 16:36:01,403 TRACE ro.mpp2024.repository.JdbcUtils 26 getNewConnection - Enter
19 Mar 2025 16:36:01,403 INFO  ro.mpp2024.repository.JdbcUtils 31 getNewConnection - trying to connect to database ... jdbc:sqlite:C:\Intellij Projects\basket.db
19 Mar 2025 16:36:01,405 INFO  ro.mpp2024.repository.JdbcUtils 32 getNewConnection - user: null
19 Mar 2025 16:36:01,406 INFO  ro.mpp2024.repository.JdbcUtils 33 getNewConnection - pass: null
19 Mar 2025 16:36:02,435 TRACE ro.mpp2024.repository.JdbcUtils 57 getConnection - Exit with(org.sqlite.jdbc4.JDBC4Connection@71687585)
19 Mar 2025 16:36:02,444 ERROR ro.mpp2024.repository.RepositoryDBUser 95 save - Error saving user
org.sqlite.SQLiteException: [SQLITE_ERROR] SQL error or missing database (no such table: Users)
	at org.sqlite.core.DB.newSQLException(DB.java:1030) ~[sqlite-jdbc-3.36.0.3.jar:?]
	at org.sqlite.core.DB.newSQLException(DB.java:1042) ~[sqlite-jdbc-3.36.0.3.jar:?]
	at org.sqlite.core.DB.throwex(DB.java:1007) ~[sqlite-jdbc-3.36.0.3.jar:?]
	at org.sqlite.core.NativeDB.prepare_utf8(Native Method) ~[sqlite-jdbc-3.36.0.3.jar:?]
	at org.sqlite.core.NativeDB.prepare(NativeDB.java:137) ~[sqlite-jdbc-3.36.0.3.jar:?]
	at org.sqlite.core.DB.prepare(DB.java:257) ~[sqlite-jdbc-3.36.0.3.jar:?]
	at org.sqlite.core.CorePreparedStatement.<init>(CorePreparedStatement.java:45) ~[sqlite-jdbc-3.36.0.3.jar:?]
	at org.sqlite.jdbc3.JDBC3PreparedStatement.<init>(JDBC3PreparedStatement.java:30) ~[sqlite-jdbc-3.36.0.3.jar:?]
	at org.sqlite.jdbc4.JDBC4PreparedStatement.<init>(JDBC4PreparedStatement.java:25) ~[sqlite-jdbc-3.36.0.3.jar:?]
	at org.sqlite.jdbc4.JDBC4Connection.prepareStatement(JDBC4Connection.java:35) ~[sqlite-jdbc-3.36.0.3.jar:?]
	at org.sqlite.jdbc3.JDBC3Connection.prepareStatement(JDBC3Connection.java:241) ~[sqlite-jdbc-3.36.0.3.jar:?]
	at org.sqlite.jdbc3.JDBC3Connection.prepareStatement(JDBC3Connection.java:205) ~[sqlite-jdbc-3.36.0.3.jar:?]
	at org.sqlite.jdbc3.JDBC3Connection.prepareStatement(JDBC3Connection.java:214) ~[sqlite-jdbc-3.36.0.3.jar:?]
	at ro.mpp2024.repository.RepositoryDBUser.save(RepositoryDBUser.java:80) [main/:?]
	at ro.mpp2024.repository.RepositoryDBUser.save(RepositoryDBUser.java:16) [main/:?]
	at ro.mpp2024.Main.main(Main.java:21) [main/:?]
19 Mar 2025 16:36:02,461 TRACE ro.mpp2024.repository.RepositoryDBUser 54 findAll - Enter Finding all users
19 Mar 2025 16:36:02,461 TRACE ro.mpp2024.repository.JdbcUtils 48 getConnection - Enter
19 Mar 2025 16:36:02,462 TRACE ro.mpp2024.repository.JdbcUtils 57 getConnection - Exit with(org.sqlite.jdbc4.JDBC4Connection@71687585)
19 Mar 2025 16:36:02,463 ERROR ro.mpp2024.repository.RepositoryDBUser 71 findAll - Error fetching all users
org.sqlite.SQLiteException: [SQLITE_ERROR] SQL error or missing database (no such table: Users)
	at org.sqlite.core.DB.newSQLException(DB.java:1030) ~[sqlite-jdbc-3.36.0.3.jar:?]
	at org.sqlite.core.DB.newSQLException(DB.java:1042) ~[sqlite-jdbc-3.36.0.3.jar:?]
	at org.sqlite.core.DB.throwex(DB.java:1007) ~[sqlite-jdbc-3.36.0.3.jar:?]
	at org.sqlite.core.NativeDB.prepare_utf8(Native Method) ~[sqlite-jdbc-3.36.0.3.jar:?]
	at org.sqlite.core.NativeDB.prepare(NativeDB.java:137) ~[sqlite-jdbc-3.36.0.3.jar:?]
	at org.sqlite.core.DB.prepare(DB.java:257) ~[sqlite-jdbc-3.36.0.3.jar:?]
	at org.sqlite.core.CorePreparedStatement.<init>(CorePreparedStatement.java:45) ~[sqlite-jdbc-3.36.0.3.jar:?]
	at org.sqlite.jdbc3.JDBC3PreparedStatement.<init>(JDBC3PreparedStatement.java:30) ~[sqlite-jdbc-3.36.0.3.jar:?]
	at org.sqlite.jdbc4.JDBC4PreparedStatement.<init>(JDBC4PreparedStatement.java:25) ~[sqlite-jdbc-3.36.0.3.jar:?]
	at org.sqlite.jdbc4.JDBC4Connection.prepareStatement(JDBC4Connection.java:35) ~[sqlite-jdbc-3.36.0.3.jar:?]
	at org.sqlite.jdbc3.JDBC3Connection.prepareStatement(JDBC3Connection.java:241) ~[sqlite-jdbc-3.36.0.3.jar:?]
	at org.sqlite.jdbc3.JDBC3Connection.prepareStatement(JDBC3Connection.java:205) ~[sqlite-jdbc-3.36.0.3.jar:?]
	at ro.mpp2024.repository.RepositoryDBUser.findAll(RepositoryDBUser.java:57) [main/:?]
	at ro.mpp2024.Main.main(Main.java:23) [main/:?]
19 Mar 2025 16:37:02,511 INFO  ro.mpp2024.repository.RepositoryDBUser 24 <init> - Initializing CarsDBRepository with properties: {jdbc.url=jdbc:sqlite:C:\Intellij Projects\basket.db} 
19 Mar 2025 16:37:02,522 TRACE ro.mpp2024.repository.RepositoryDBUser 78 save - Enter Saving user ro.mpp2024.domain.User@4d154ccd
19 Mar 2025 16:37:02,522 TRACE ro.mpp2024.repository.JdbcUtils 48 getConnection - Enter
19 Mar 2025 16:37:02,523 TRACE ro.mpp2024.repository.JdbcUtils 26 getNewConnection - Enter
19 Mar 2025 16:37:02,523 INFO  ro.mpp2024.repository.JdbcUtils 31 getNewConnection - trying to connect to database ... jdbc:sqlite:C:\Intellij Projects\basket.db
19 Mar 2025 16:37:02,525 INFO  ro.mpp2024.repository.JdbcUtils 32 getNewConnection - user: null
19 Mar 2025 16:37:02,526 INFO  ro.mpp2024.repository.JdbcUtils 33 getNewConnection - pass: null
19 Mar 2025 16:37:02,903 TRACE ro.mpp2024.repository.JdbcUtils 57 getConnection - Exit with(org.sqlite.jdbc4.JDBC4Connection@71687585)
19 Mar 2025 16:37:02,909 ERROR ro.mpp2024.repository.RepositoryDBUser 95 save - Error saving user
org.sqlite.SQLiteException: [SQLITE_ERROR] SQL error or missing database (no such table: Users)
	at org.sqlite.core.DB.newSQLException(DB.java:1030) ~[sqlite-jdbc-3.36.0.3.jar:?]
	at org.sqlite.core.DB.newSQLException(DB.java:1042) ~[sqlite-jdbc-3.36.0.3.jar:?]
	at org.sqlite.core.DB.throwex(DB.java:1007) ~[sqlite-jdbc-3.36.0.3.jar:?]
	at org.sqlite.core.NativeDB.prepare_utf8(Native Method) ~[sqlite-jdbc-3.36.0.3.jar:?]
	at org.sqlite.core.NativeDB.prepare(NativeDB.java:137) ~[sqlite-jdbc-3.36.0.3.jar:?]
	at org.sqlite.core.DB.prepare(DB.java:257) ~[sqlite-jdbc-3.36.0.3.jar:?]
	at org.sqlite.core.CorePreparedStatement.<init>(CorePreparedStatement.java:45) ~[sqlite-jdbc-3.36.0.3.jar:?]
	at org.sqlite.jdbc3.JDBC3PreparedStatement.<init>(JDBC3PreparedStatement.java:30) ~[sqlite-jdbc-3.36.0.3.jar:?]
	at org.sqlite.jdbc4.JDBC4PreparedStatement.<init>(JDBC4PreparedStatement.java:25) ~[sqlite-jdbc-3.36.0.3.jar:?]
	at org.sqlite.jdbc4.JDBC4Connection.prepareStatement(JDBC4Connection.java:35) ~[sqlite-jdbc-3.36.0.3.jar:?]
	at org.sqlite.jdbc3.JDBC3Connection.prepareStatement(JDBC3Connection.java:241) ~[sqlite-jdbc-3.36.0.3.jar:?]
	at org.sqlite.jdbc3.JDBC3Connection.prepareStatement(JDBC3Connection.java:205) ~[sqlite-jdbc-3.36.0.3.jar:?]
	at org.sqlite.jdbc3.JDBC3Connection.prepareStatement(JDBC3Connection.java:214) ~[sqlite-jdbc-3.36.0.3.jar:?]
	at ro.mpp2024.repository.RepositoryDBUser.save(RepositoryDBUser.java:80) [main/:?]
	at ro.mpp2024.repository.RepositoryDBUser.save(RepositoryDBUser.java:16) [main/:?]
	at ro.mpp2024.Main.main(Main.java:21) [main/:?]
19 Mar 2025 16:37:02,922 TRACE ro.mpp2024.repository.RepositoryDBUser 54 findAll - Enter Finding all users
19 Mar 2025 16:37:02,923 TRACE ro.mpp2024.repository.JdbcUtils 48 getConnection - Enter
19 Mar 2025 16:37:02,923 TRACE ro.mpp2024.repository.JdbcUtils 57 getConnection - Exit with(org.sqlite.jdbc4.JDBC4Connection@71687585)
19 Mar 2025 16:37:02,924 ERROR ro.mpp2024.repository.RepositoryDBUser 71 findAll - Error fetching all users
org.sqlite.SQLiteException: [SQLITE_ERROR] SQL error or missing database (no such table: Users)
	at org.sqlite.core.DB.newSQLException(DB.java:1030) ~[sqlite-jdbc-3.36.0.3.jar:?]
	at org.sqlite.core.DB.newSQLException(DB.java:1042) ~[sqlite-jdbc-3.36.0.3.jar:?]
	at org.sqlite.core.DB.throwex(DB.java:1007) ~[sqlite-jdbc-3.36.0.3.jar:?]
	at org.sqlite.core.NativeDB.prepare_utf8(Native Method) ~[sqlite-jdbc-3.36.0.3.jar:?]
	at org.sqlite.core.NativeDB.prepare(NativeDB.java:137) ~[sqlite-jdbc-3.36.0.3.jar:?]
	at org.sqlite.core.DB.prepare(DB.java:257) ~[sqlite-jdbc-3.36.0.3.jar:?]
	at org.sqlite.core.CorePreparedStatement.<init>(CorePreparedStatement.java:45) ~[sqlite-jdbc-3.36.0.3.jar:?]
	at org.sqlite.jdbc3.JDBC3PreparedStatement.<init>(JDBC3PreparedStatement.java:30) ~[sqlite-jdbc-3.36.0.3.jar:?]
	at org.sqlite.jdbc4.JDBC4PreparedStatement.<init>(JDBC4PreparedStatement.java:25) ~[sqlite-jdbc-3.36.0.3.jar:?]
	at org.sqlite.jdbc4.JDBC4Connection.prepareStatement(JDBC4Connection.java:35) ~[sqlite-jdbc-3.36.0.3.jar:?]
	at org.sqlite.jdbc3.JDBC3Connection.prepareStatement(JDBC3Connection.java:241) ~[sqlite-jdbc-3.36.0.3.jar:?]
	at org.sqlite.jdbc3.JDBC3Connection.prepareStatement(JDBC3Connection.java:205) ~[sqlite-jdbc-3.36.0.3.jar:?]
	at ro.mpp2024.repository.RepositoryDBUser.findAll(RepositoryDBUser.java:57) [main/:?]
	at ro.mpp2024.Main.main(Main.java:23) [main/:?]
19 Mar 2025 16:37:38,687 INFO  ro.mpp2024.repository.RepositoryDBUser 24 <init> - Initializing CarsDBRepository with properties: {jdbc.url=jdbc:sqlite:C:\Intellij Projects\basket.db} 
19 Mar 2025 16:37:38,696 TRACE ro.mpp2024.repository.RepositoryDBUser 78 save - Enter Saving user ro.mpp2024.domain.User@4d154ccd
19 Mar 2025 16:37:38,697 TRACE ro.mpp2024.repository.JdbcUtils 48 getConnection - Enter
19 Mar 2025 16:37:38,697 TRACE ro.mpp2024.repository.JdbcUtils 26 getNewConnection - Enter
19 Mar 2025 16:37:38,697 INFO  ro.mpp2024.repository.JdbcUtils 31 getNewConnection - trying to connect to database ... jdbc:sqlite:C:\Intellij Projects\basket.db
19 Mar 2025 16:37:38,699 INFO  ro.mpp2024.repository.JdbcUtils 32 getNewConnection - user: null
19 Mar 2025 16:37:38,699 INFO  ro.mpp2024.repository.JdbcUtils 33 getNewConnection - pass: null
19 Mar 2025 16:37:38,964 TRACE ro.mpp2024.repository.JdbcUtils 57 getConnection - Exit with(org.sqlite.jdbc4.JDBC4Connection@71687585)
19 Mar 2025 16:37:38,969 ERROR ro.mpp2024.repository.RepositoryDBUser 95 save - Error saving user
org.sqlite.SQLiteException: [SQLITE_ERROR] SQL error or missing database (no such table: Users)
	at org.sqlite.core.DB.newSQLException(DB.java:1030) ~[sqlite-jdbc-3.36.0.3.jar:?]
	at org.sqlite.core.DB.newSQLException(DB.java:1042) ~[sqlite-jdbc-3.36.0.3.jar:?]
	at org.sqlite.core.DB.throwex(DB.java:1007) ~[sqlite-jdbc-3.36.0.3.jar:?]
	at org.sqlite.core.NativeDB.prepare_utf8(Native Method) ~[sqlite-jdbc-3.36.0.3.jar:?]
	at org.sqlite.core.NativeDB.prepare(NativeDB.java:137) ~[sqlite-jdbc-3.36.0.3.jar:?]
	at org.sqlite.core.DB.prepare(DB.java:257) ~[sqlite-jdbc-3.36.0.3.jar:?]
	at org.sqlite.core.CorePreparedStatement.<init>(CorePreparedStatement.java:45) ~[sqlite-jdbc-3.36.0.3.jar:?]
	at org.sqlite.jdbc3.JDBC3PreparedStatement.<init>(JDBC3PreparedStatement.java:30) ~[sqlite-jdbc-3.36.0.3.jar:?]
	at org.sqlite.jdbc4.JDBC4PreparedStatement.<init>(JDBC4PreparedStatement.java:25) ~[sqlite-jdbc-3.36.0.3.jar:?]
	at org.sqlite.jdbc4.JDBC4Connection.prepareStatement(JDBC4Connection.java:35) ~[sqlite-jdbc-3.36.0.3.jar:?]
	at org.sqlite.jdbc3.JDBC3Connection.prepareStatement(JDBC3Connection.java:241) ~[sqlite-jdbc-3.36.0.3.jar:?]
	at org.sqlite.jdbc3.JDBC3Connection.prepareStatement(JDBC3Connection.java:205) ~[sqlite-jdbc-3.36.0.3.jar:?]
	at org.sqlite.jdbc3.JDBC3Connection.prepareStatement(JDBC3Connection.java:214) ~[sqlite-jdbc-3.36.0.3.jar:?]
	at ro.mpp2024.repository.RepositoryDBUser.save(RepositoryDBUser.java:80) [main/:?]
	at ro.mpp2024.repository.RepositoryDBUser.save(RepositoryDBUser.java:16) [main/:?]
	at ro.mpp2024.Main.main(Main.java:21) [main/:?]
19 Mar 2025 16:37:38,981 TRACE ro.mpp2024.repository.RepositoryDBUser 54 findAll - Enter Finding all users
19 Mar 2025 16:37:38,982 TRACE ro.mpp2024.repository.JdbcUtils 48 getConnection - Enter
19 Mar 2025 16:37:38,982 TRACE ro.mpp2024.repository.JdbcUtils 57 getConnection - Exit with(org.sqlite.jdbc4.JDBC4Connection@71687585)
19 Mar 2025 16:37:38,983 ERROR ro.mpp2024.repository.RepositoryDBUser 71 findAll - Error fetching all users
org.sqlite.SQLiteException: [SQLITE_ERROR] SQL error or missing database (no such table: Users)
	at org.sqlite.core.DB.newSQLException(DB.java:1030) ~[sqlite-jdbc-3.36.0.3.jar:?]
	at org.sqlite.core.DB.newSQLException(DB.java:1042) ~[sqlite-jdbc-3.36.0.3.jar:?]
	at org.sqlite.core.DB.throwex(DB.java:1007) ~[sqlite-jdbc-3.36.0.3.jar:?]
	at org.sqlite.core.NativeDB.prepare_utf8(Native Method) ~[sqlite-jdbc-3.36.0.3.jar:?]
	at org.sqlite.core.NativeDB.prepare(NativeDB.java:137) ~[sqlite-jdbc-3.36.0.3.jar:?]
	at org.sqlite.core.DB.prepare(DB.java:257) ~[sqlite-jdbc-3.36.0.3.jar:?]
	at org.sqlite.core.CorePreparedStatement.<init>(CorePreparedStatement.java:45) ~[sqlite-jdbc-3.36.0.3.jar:?]
	at org.sqlite.jdbc3.JDBC3PreparedStatement.<init>(JDBC3PreparedStatement.java:30) ~[sqlite-jdbc-3.36.0.3.jar:?]
	at org.sqlite.jdbc4.JDBC4PreparedStatement.<init>(JDBC4PreparedStatement.java:25) ~[sqlite-jdbc-3.36.0.3.jar:?]
	at org.sqlite.jdbc4.JDBC4Connection.prepareStatement(JDBC4Connection.java:35) ~[sqlite-jdbc-3.36.0.3.jar:?]
	at org.sqlite.jdbc3.JDBC3Connection.prepareStatement(JDBC3Connection.java:241) ~[sqlite-jdbc-3.36.0.3.jar:?]
	at org.sqlite.jdbc3.JDBC3Connection.prepareStatement(JDBC3Connection.java:205) ~[sqlite-jdbc-3.36.0.3.jar:?]
	at ro.mpp2024.repository.RepositoryDBUser.findAll(RepositoryDBUser.java:57) [main/:?]
	at ro.mpp2024.Main.main(Main.java:23) [main/:?]
19 Mar 2025 16:39:05,552 INFO  ro.mpp2024.repository.RepositoryDBUser 24 <init> - Initializing CarsDBRepository with properties: {jdbc.url=jdbc:sqlite:C:\Intellij Projects\basket.db} 
19 Mar 2025 16:39:05,565 TRACE ro.mpp2024.repository.RepositoryDBUser 78 save - Enter Saving user ro.mpp2024.domain.User@4d154ccd
19 Mar 2025 16:39:05,565 TRACE ro.mpp2024.repository.JdbcUtils 48 getConnection - Enter
19 Mar 2025 16:39:05,566 TRACE ro.mpp2024.repository.JdbcUtils 26 getNewConnection - Enter
19 Mar 2025 16:39:05,567 INFO  ro.mpp2024.repository.JdbcUtils 31 getNewConnection - trying to connect to database ... jdbc:sqlite:C:\Intellij Projects\basket.db
19 Mar 2025 16:39:05,568 INFO  ro.mpp2024.repository.JdbcUtils 32 getNewConnection - user: null
19 Mar 2025 16:39:05,569 INFO  ro.mpp2024.repository.JdbcUtils 33 getNewConnection - pass: null
19 Mar 2025 16:39:06,133 TRACE ro.mpp2024.repository.JdbcUtils 57 getConnection - Exit with(org.sqlite.jdbc4.JDBC4Connection@71687585)
19 Mar 2025 16:39:06,142 ERROR ro.mpp2024.repository.RepositoryDBUser 95 save - Error saving user
org.sqlite.SQLiteException: [SQLITE_ERROR] SQL error or missing database (no such table: Users)
	at org.sqlite.core.DB.newSQLException(DB.java:1030) ~[sqlite-jdbc-3.36.0.3.jar:?]
	at org.sqlite.core.DB.newSQLException(DB.java:1042) ~[sqlite-jdbc-3.36.0.3.jar:?]
	at org.sqlite.core.DB.throwex(DB.java:1007) ~[sqlite-jdbc-3.36.0.3.jar:?]
	at org.sqlite.core.NativeDB.prepare_utf8(Native Method) ~[sqlite-jdbc-3.36.0.3.jar:?]
	at org.sqlite.core.NativeDB.prepare(NativeDB.java:137) ~[sqlite-jdbc-3.36.0.3.jar:?]
	at org.sqlite.core.DB.prepare(DB.java:257) ~[sqlite-jdbc-3.36.0.3.jar:?]
	at org.sqlite.core.CorePreparedStatement.<init>(CorePreparedStatement.java:45) ~[sqlite-jdbc-3.36.0.3.jar:?]
	at org.sqlite.jdbc3.JDBC3PreparedStatement.<init>(JDBC3PreparedStatement.java:30) ~[sqlite-jdbc-3.36.0.3.jar:?]
	at org.sqlite.jdbc4.JDBC4PreparedStatement.<init>(JDBC4PreparedStatement.java:25) ~[sqlite-jdbc-3.36.0.3.jar:?]
	at org.sqlite.jdbc4.JDBC4Connection.prepareStatement(JDBC4Connection.java:35) ~[sqlite-jdbc-3.36.0.3.jar:?]
	at org.sqlite.jdbc3.JDBC3Connection.prepareStatement(JDBC3Connection.java:241) ~[sqlite-jdbc-3.36.0.3.jar:?]
	at org.sqlite.jdbc3.JDBC3Connection.prepareStatement(JDBC3Connection.java:205) ~[sqlite-jdbc-3.36.0.3.jar:?]
	at org.sqlite.jdbc3.JDBC3Connection.prepareStatement(JDBC3Connection.java:214) ~[sqlite-jdbc-3.36.0.3.jar:?]
	at ro.mpp2024.repository.RepositoryDBUser.save(RepositoryDBUser.java:80) [main/:?]
	at ro.mpp2024.repository.RepositoryDBUser.save(RepositoryDBUser.java:16) [main/:?]
	at ro.mpp2024.Main.main(Main.java:21) [main/:?]
19 Mar 2025 16:39:06,162 TRACE ro.mpp2024.repository.RepositoryDBUser 54 findAll - Enter Finding all users
19 Mar 2025 16:39:06,162 TRACE ro.mpp2024.repository.JdbcUtils 48 getConnection - Enter
19 Mar 2025 16:39:06,163 TRACE ro.mpp2024.repository.JdbcUtils 57 getConnection - Exit with(org.sqlite.jdbc4.JDBC4Connection@71687585)
19 Mar 2025 16:39:06,166 ERROR ro.mpp2024.repository.RepositoryDBUser 71 findAll - Error fetching all users
org.sqlite.SQLiteException: [SQLITE_ERROR] SQL error or missing database (no such table: Users)
	at org.sqlite.core.DB.newSQLException(DB.java:1030) ~[sqlite-jdbc-3.36.0.3.jar:?]
	at org.sqlite.core.DB.newSQLException(DB.java:1042) ~[sqlite-jdbc-3.36.0.3.jar:?]
	at org.sqlite.core.DB.throwex(DB.java:1007) ~[sqlite-jdbc-3.36.0.3.jar:?]
	at org.sqlite.core.NativeDB.prepare_utf8(Native Method) ~[sqlite-jdbc-3.36.0.3.jar:?]
	at org.sqlite.core.NativeDB.prepare(NativeDB.java:137) ~[sqlite-jdbc-3.36.0.3.jar:?]
	at org.sqlite.core.DB.prepare(DB.java:257) ~[sqlite-jdbc-3.36.0.3.jar:?]
	at org.sqlite.core.CorePreparedStatement.<init>(CorePreparedStatement.java:45) ~[sqlite-jdbc-3.36.0.3.jar:?]
	at org.sqlite.jdbc3.JDBC3PreparedStatement.<init>(JDBC3PreparedStatement.java:30) ~[sqlite-jdbc-3.36.0.3.jar:?]
	at org.sqlite.jdbc4.JDBC4PreparedStatement.<init>(JDBC4PreparedStatement.java:25) ~[sqlite-jdbc-3.36.0.3.jar:?]
	at org.sqlite.jdbc4.JDBC4Connection.prepareStatement(JDBC4Connection.java:35) ~[sqlite-jdbc-3.36.0.3.jar:?]
	at org.sqlite.jdbc3.JDBC3Connection.prepareStatement(JDBC3Connection.java:241) ~[sqlite-jdbc-3.36.0.3.jar:?]
	at org.sqlite.jdbc3.JDBC3Connection.prepareStatement(JDBC3Connection.java:205) ~[sqlite-jdbc-3.36.0.3.jar:?]
	at ro.mpp2024.repository.RepositoryDBUser.findAll(RepositoryDBUser.java:57) [main/:?]
	at ro.mpp2024.Main.main(Main.java:23) [main/:?]
19 Mar 2025 16:39:18,149 INFO  ro.mpp2024.repository.RepositoryDBUser 24 <init> - Initializing CarsDBRepository with properties: {jdbc.url=jdbc:sqlite:C:\Intellij Projects\basket.db} 
19 Mar 2025 16:39:18,163 TRACE ro.mpp2024.repository.RepositoryDBUser 78 save - Enter Saving user ro.mpp2024.domain.User@4d154ccd
19 Mar 2025 16:39:18,163 TRACE ro.mpp2024.repository.JdbcUtils 48 getConnection - Enter
19 Mar 2025 16:39:18,164 TRACE ro.mpp2024.repository.JdbcUtils 26 getNewConnection - Enter
19 Mar 2025 16:39:18,165 INFO  ro.mpp2024.repository.JdbcUtils 31 getNewConnection - trying to connect to database ... jdbc:sqlite:C:\Intellij Projects\basket.db
19 Mar 2025 16:39:18,166 INFO  ro.mpp2024.repository.JdbcUtils 32 getNewConnection - user: null
19 Mar 2025 16:39:18,167 INFO  ro.mpp2024.repository.JdbcUtils 33 getNewConnection - pass: null
19 Mar 2025 16:39:18,571 TRACE ro.mpp2024.repository.JdbcUtils 57 getConnection - Exit with(org.sqlite.jdbc4.JDBC4Connection@71687585)
19 Mar 2025 16:39:18,582 ERROR ro.mpp2024.repository.RepositoryDBUser 95 save - Error saving user
org.sqlite.SQLiteException: [SQLITE_ERROR] SQL error or missing database (no such table: Users)
	at org.sqlite.core.DB.newSQLException(DB.java:1030) ~[sqlite-jdbc-3.36.0.3.jar:?]
	at org.sqlite.core.DB.newSQLException(DB.java:1042) ~[sqlite-jdbc-3.36.0.3.jar:?]
	at org.sqlite.core.DB.throwex(DB.java:1007) ~[sqlite-jdbc-3.36.0.3.jar:?]
	at org.sqlite.core.NativeDB.prepare_utf8(Native Method) ~[sqlite-jdbc-3.36.0.3.jar:?]
	at org.sqlite.core.NativeDB.prepare(NativeDB.java:137) ~[sqlite-jdbc-3.36.0.3.jar:?]
	at org.sqlite.core.DB.prepare(DB.java:257) ~[sqlite-jdbc-3.36.0.3.jar:?]
	at org.sqlite.core.CorePreparedStatement.<init>(CorePreparedStatement.java:45) ~[sqlite-jdbc-3.36.0.3.jar:?]
	at org.sqlite.jdbc3.JDBC3PreparedStatement.<init>(JDBC3PreparedStatement.java:30) ~[sqlite-jdbc-3.36.0.3.jar:?]
	at org.sqlite.jdbc4.JDBC4PreparedStatement.<init>(JDBC4PreparedStatement.java:25) ~[sqlite-jdbc-3.36.0.3.jar:?]
	at org.sqlite.jdbc4.JDBC4Connection.prepareStatement(JDBC4Connection.java:35) ~[sqlite-jdbc-3.36.0.3.jar:?]
	at org.sqlite.jdbc3.JDBC3Connection.prepareStatement(JDBC3Connection.java:241) ~[sqlite-jdbc-3.36.0.3.jar:?]
	at org.sqlite.jdbc3.JDBC3Connection.prepareStatement(JDBC3Connection.java:205) ~[sqlite-jdbc-3.36.0.3.jar:?]
	at org.sqlite.jdbc3.JDBC3Connection.prepareStatement(JDBC3Connection.java:214) ~[sqlite-jdbc-3.36.0.3.jar:?]
	at ro.mpp2024.repository.RepositoryDBUser.save(RepositoryDBUser.java:80) [main/:?]
	at ro.mpp2024.repository.RepositoryDBUser.save(RepositoryDBUser.java:16) [main/:?]
	at ro.mpp2024.Main.main(Main.java:21) [main/:?]
19 Mar 2025 16:39:18,603 TRACE ro.mpp2024.repository.RepositoryDBUser 54 findAll - Enter Finding all users
19 Mar 2025 16:39:18,603 TRACE ro.mpp2024.repository.JdbcUtils 48 getConnection - Enter
19 Mar 2025 16:39:18,604 TRACE ro.mpp2024.repository.JdbcUtils 57 getConnection - Exit with(org.sqlite.jdbc4.JDBC4Connection@71687585)
19 Mar 2025 16:39:18,605 ERROR ro.mpp2024.repository.RepositoryDBUser 71 findAll - Error fetching all users
org.sqlite.SQLiteException: [SQLITE_ERROR] SQL error or missing database (no such table: Users)
	at org.sqlite.core.DB.newSQLException(DB.java:1030) ~[sqlite-jdbc-3.36.0.3.jar:?]
	at org.sqlite.core.DB.newSQLException(DB.java:1042) ~[sqlite-jdbc-3.36.0.3.jar:?]
	at org.sqlite.core.DB.throwex(DB.java:1007) ~[sqlite-jdbc-3.36.0.3.jar:?]
	at org.sqlite.core.NativeDB.prepare_utf8(Native Method) ~[sqlite-jdbc-3.36.0.3.jar:?]
	at org.sqlite.core.NativeDB.prepare(NativeDB.java:137) ~[sqlite-jdbc-3.36.0.3.jar:?]
	at org.sqlite.core.DB.prepare(DB.java:257) ~[sqlite-jdbc-3.36.0.3.jar:?]
	at org.sqlite.core.CorePreparedStatement.<init>(CorePreparedStatement.java:45) ~[sqlite-jdbc-3.36.0.3.jar:?]
	at org.sqlite.jdbc3.JDBC3PreparedStatement.<init>(JDBC3PreparedStatement.java:30) ~[sqlite-jdbc-3.36.0.3.jar:?]
	at org.sqlite.jdbc4.JDBC4PreparedStatement.<init>(JDBC4PreparedStatement.java:25) ~[sqlite-jdbc-3.36.0.3.jar:?]
	at org.sqlite.jdbc4.JDBC4Connection.prepareStatement(JDBC4Connection.java:35) ~[sqlite-jdbc-3.36.0.3.jar:?]
	at org.sqlite.jdbc3.JDBC3Connection.prepareStatement(JDBC3Connection.java:241) ~[sqlite-jdbc-3.36.0.3.jar:?]
	at org.sqlite.jdbc3.JDBC3Connection.prepareStatement(JDBC3Connection.java:205) ~[sqlite-jdbc-3.36.0.3.jar:?]
	at ro.mpp2024.repository.RepositoryDBUser.findAll(RepositoryDBUser.java:57) [main/:?]
	at ro.mpp2024.Main.main(Main.java:23) [main/:?]
19 Mar 2025 16:40:40,605 INFO  ro.mpp2024.repository.RepositoryDBUser 24 <init> - Initializing CarsDBRepository with properties: {jdbc.url=jdbc:sqlite:C:\Intellij Projects\basket.db} 
19 Mar 2025 16:40:40,619 TRACE ro.mpp2024.repository.RepositoryDBUser 78 save - Enter Saving user ro.mpp2024.domain.User@4d154ccd
19 Mar 2025 16:40:40,620 TRACE ro.mpp2024.repository.JdbcUtils 48 getConnection - Enter
19 Mar 2025 16:40:40,621 TRACE ro.mpp2024.repository.JdbcUtils 26 getNewConnection - Enter
19 Mar 2025 16:40:40,622 INFO  ro.mpp2024.repository.JdbcUtils 31 getNewConnection - trying to connect to database ... jdbc:sqlite:C:\Intellij Projects\basket.db
19 Mar 2025 16:40:40,624 INFO  ro.mpp2024.repository.JdbcUtils 32 getNewConnection - user: null
19 Mar 2025 16:40:40,625 INFO  ro.mpp2024.repository.JdbcUtils 33 getNewConnection - pass: null
19 Mar 2025 16:40:40,998 TRACE ro.mpp2024.repository.JdbcUtils 57 getConnection - Exit with(org.sqlite.jdbc4.JDBC4Connection@71687585)
19 Mar 2025 16:40:41,005 ERROR ro.mpp2024.repository.RepositoryDBUser 95 save - Error saving user
org.sqlite.SQLiteException: [SQLITE_ERROR] SQL error or missing database (no such table: Users)
	at org.sqlite.core.DB.newSQLException(DB.java:1030) ~[sqlite-jdbc-3.36.0.3.jar:?]
	at org.sqlite.core.DB.newSQLException(DB.java:1042) ~[sqlite-jdbc-3.36.0.3.jar:?]
	at org.sqlite.core.DB.throwex(DB.java:1007) ~[sqlite-jdbc-3.36.0.3.jar:?]
	at org.sqlite.core.NativeDB.prepare_utf8(Native Method) ~[sqlite-jdbc-3.36.0.3.jar:?]
	at org.sqlite.core.NativeDB.prepare(NativeDB.java:137) ~[sqlite-jdbc-3.36.0.3.jar:?]
	at org.sqlite.core.DB.prepare(DB.java:257) ~[sqlite-jdbc-3.36.0.3.jar:?]
	at org.sqlite.core.CorePreparedStatement.<init>(CorePreparedStatement.java:45) ~[sqlite-jdbc-3.36.0.3.jar:?]
	at org.sqlite.jdbc3.JDBC3PreparedStatement.<init>(JDBC3PreparedStatement.java:30) ~[sqlite-jdbc-3.36.0.3.jar:?]
	at org.sqlite.jdbc4.JDBC4PreparedStatement.<init>(JDBC4PreparedStatement.java:25) ~[sqlite-jdbc-3.36.0.3.jar:?]
	at org.sqlite.jdbc4.JDBC4Connection.prepareStatement(JDBC4Connection.java:35) ~[sqlite-jdbc-3.36.0.3.jar:?]
	at org.sqlite.jdbc3.JDBC3Connection.prepareStatement(JDBC3Connection.java:241) ~[sqlite-jdbc-3.36.0.3.jar:?]
	at org.sqlite.jdbc3.JDBC3Connection.prepareStatement(JDBC3Connection.java:205) ~[sqlite-jdbc-3.36.0.3.jar:?]
	at org.sqlite.jdbc3.JDBC3Connection.prepareStatement(JDBC3Connection.java:214) ~[sqlite-jdbc-3.36.0.3.jar:?]
	at ro.mpp2024.repository.RepositoryDBUser.save(RepositoryDBUser.java:80) [main/:?]
	at ro.mpp2024.repository.RepositoryDBUser.save(RepositoryDBUser.java:16) [main/:?]
	at ro.mpp2024.Main.main(Main.java:21) [main/:?]
19 Mar 2025 16:40:41,024 TRACE ro.mpp2024.repository.RepositoryDBUser 54 findAll - Enter Finding all users
19 Mar 2025 16:40:41,024 TRACE ro.mpp2024.repository.JdbcUtils 48 getConnection - Enter
19 Mar 2025 16:40:41,025 TRACE ro.mpp2024.repository.JdbcUtils 57 getConnection - Exit with(org.sqlite.jdbc4.JDBC4Connection@71687585)
19 Mar 2025 16:40:41,026 ERROR ro.mpp2024.repository.RepositoryDBUser 71 findAll - Error fetching all users
org.sqlite.SQLiteException: [SQLITE_ERROR] SQL error or missing database (no such table: Users)
	at org.sqlite.core.DB.newSQLException(DB.java:1030) ~[sqlite-jdbc-3.36.0.3.jar:?]
	at org.sqlite.core.DB.newSQLException(DB.java:1042) ~[sqlite-jdbc-3.36.0.3.jar:?]
	at org.sqlite.core.DB.throwex(DB.java:1007) ~[sqlite-jdbc-3.36.0.3.jar:?]
	at org.sqlite.core.NativeDB.prepare_utf8(Native Method) ~[sqlite-jdbc-3.36.0.3.jar:?]
	at org.sqlite.core.NativeDB.prepare(NativeDB.java:137) ~[sqlite-jdbc-3.36.0.3.jar:?]
	at org.sqlite.core.DB.prepare(DB.java:257) ~[sqlite-jdbc-3.36.0.3.jar:?]
	at org.sqlite.core.CorePreparedStatement.<init>(CorePreparedStatement.java:45) ~[sqlite-jdbc-3.36.0.3.jar:?]
	at org.sqlite.jdbc3.JDBC3PreparedStatement.<init>(JDBC3PreparedStatement.java:30) ~[sqlite-jdbc-3.36.0.3.jar:?]
	at org.sqlite.jdbc4.JDBC4PreparedStatement.<init>(JDBC4PreparedStatement.java:25) ~[sqlite-jdbc-3.36.0.3.jar:?]
	at org.sqlite.jdbc4.JDBC4Connection.prepareStatement(JDBC4Connection.java:35) ~[sqlite-jdbc-3.36.0.3.jar:?]
	at org.sqlite.jdbc3.JDBC3Connection.prepareStatement(JDBC3Connection.java:241) ~[sqlite-jdbc-3.36.0.3.jar:?]
	at org.sqlite.jdbc3.JDBC3Connection.prepareStatement(JDBC3Connection.java:205) ~[sqlite-jdbc-3.36.0.3.jar:?]
	at ro.mpp2024.repository.RepositoryDBUser.findAll(RepositoryDBUser.java:57) [main/:?]
	at ro.mpp2024.Main.main(Main.java:23) [main/:?]
19 Mar 2025 16:41:37,897 INFO  ro.mpp2024.repository.RepositoryDBUser 24 <init> - Initializing CarsDBRepository with properties: {jdbc.url=jdbc:sqlite:C:\Intellij Projects\basket.db} 
19 Mar 2025 16:41:37,910 TRACE ro.mpp2024.repository.RepositoryDBUser 78 save - Enter Saving user ro.mpp2024.domain.User@1ffaf86
19 Mar 2025 16:41:37,910 TRACE ro.mpp2024.repository.JdbcUtils 48 getConnection - Enter
19 Mar 2025 16:41:37,911 TRACE ro.mpp2024.repository.JdbcUtils 26 getNewConnection - Enter
19 Mar 2025 16:41:37,911 INFO  ro.mpp2024.repository.JdbcUtils 31 getNewConnection - trying to connect to database ... jdbc:sqlite:C:\Intellij Projects\basket.db
19 Mar 2025 16:41:37,913 INFO  ro.mpp2024.repository.JdbcUtils 32 getNewConnection - user: null
19 Mar 2025 16:41:37,914 INFO  ro.mpp2024.repository.JdbcUtils 33 getNewConnection - pass: null
19 Mar 2025 16:41:38,400 TRACE ro.mpp2024.repository.JdbcUtils 57 getConnection - Exit with(org.sqlite.jdbc4.JDBC4Connection@6a4f1a55)
19 Mar 2025 16:41:38,408 ERROR ro.mpp2024.repository.RepositoryDBUser 95 save - Error saving user
org.sqlite.SQLiteException: [SQLITE_ERROR] SQL error or missing database (no such table: Users)
	at org.sqlite.core.DB.newSQLException(DB.java:1012) ~[sqlite-jdbc-3.34.0.jar:?]
	at org.sqlite.core.DB.newSQLException(DB.java:1024) ~[sqlite-jdbc-3.34.0.jar:?]
	at org.sqlite.core.DB.throwex(DB.java:989) ~[sqlite-jdbc-3.34.0.jar:?]
	at org.sqlite.core.NativeDB.prepare_utf8(Native Method) ~[sqlite-jdbc-3.34.0.jar:?]
	at org.sqlite.core.NativeDB.prepare(NativeDB.java:134) ~[sqlite-jdbc-3.34.0.jar:?]
	at org.sqlite.core.DB.prepare(DB.java:257) ~[sqlite-jdbc-3.34.0.jar:?]
	at org.sqlite.core.CorePreparedStatement.<init>(CorePreparedStatement.java:45) ~[sqlite-jdbc-3.34.0.jar:?]
	at org.sqlite.jdbc3.JDBC3PreparedStatement.<init>(JDBC3PreparedStatement.java:30) ~[sqlite-jdbc-3.34.0.jar:?]
	at org.sqlite.jdbc4.JDBC4PreparedStatement.<init>(JDBC4PreparedStatement.java:25) ~[sqlite-jdbc-3.34.0.jar:?]
	at org.sqlite.jdbc4.JDBC4Connection.prepareStatement(JDBC4Connection.java:35) ~[sqlite-jdbc-3.34.0.jar:?]
	at org.sqlite.jdbc3.JDBC3Connection.prepareStatement(JDBC3Connection.java:241) ~[sqlite-jdbc-3.34.0.jar:?]
	at org.sqlite.jdbc3.JDBC3Connection.prepareStatement(JDBC3Connection.java:205) ~[sqlite-jdbc-3.34.0.jar:?]
	at org.sqlite.jdbc3.JDBC3Connection.prepareStatement(JDBC3Connection.java:214) ~[sqlite-jdbc-3.34.0.jar:?]
	at ro.mpp2024.repository.RepositoryDBUser.save(RepositoryDBUser.java:80) [main/:?]
	at ro.mpp2024.repository.RepositoryDBUser.save(RepositoryDBUser.java:16) [main/:?]
	at ro.mpp2024.Main.main(Main.java:21) [main/:?]
19 Mar 2025 16:41:38,426 TRACE ro.mpp2024.repository.RepositoryDBUser 54 findAll - Enter Finding all users
19 Mar 2025 16:41:38,427 TRACE ro.mpp2024.repository.JdbcUtils 48 getConnection - Enter
19 Mar 2025 16:41:38,427 TRACE ro.mpp2024.repository.JdbcUtils 57 getConnection - Exit with(org.sqlite.jdbc4.JDBC4Connection@6a4f1a55)
19 Mar 2025 16:41:38,429 ERROR ro.mpp2024.repository.RepositoryDBUser 71 findAll - Error fetching all users
org.sqlite.SQLiteException: [SQLITE_ERROR] SQL error or missing database (no such table: Users)
	at org.sqlite.core.DB.newSQLException(DB.java:1012) ~[sqlite-jdbc-3.34.0.jar:?]
	at org.sqlite.core.DB.newSQLException(DB.java:1024) ~[sqlite-jdbc-3.34.0.jar:?]
	at org.sqlite.core.DB.throwex(DB.java:989) ~[sqlite-jdbc-3.34.0.jar:?]
	at org.sqlite.core.NativeDB.prepare_utf8(Native Method) ~[sqlite-jdbc-3.34.0.jar:?]
	at org.sqlite.core.NativeDB.prepare(NativeDB.java:134) ~[sqlite-jdbc-3.34.0.jar:?]
	at org.sqlite.core.DB.prepare(DB.java:257) ~[sqlite-jdbc-3.34.0.jar:?]
	at org.sqlite.core.CorePreparedStatement.<init>(CorePreparedStatement.java:45) ~[sqlite-jdbc-3.34.0.jar:?]
	at org.sqlite.jdbc3.JDBC3PreparedStatement.<init>(JDBC3PreparedStatement.java:30) ~[sqlite-jdbc-3.34.0.jar:?]
	at org.sqlite.jdbc4.JDBC4PreparedStatement.<init>(JDBC4PreparedStatement.java:25) ~[sqlite-jdbc-3.34.0.jar:?]
	at org.sqlite.jdbc4.JDBC4Connection.prepareStatement(JDBC4Connection.java:35) ~[sqlite-jdbc-3.34.0.jar:?]
	at org.sqlite.jdbc3.JDBC3Connection.prepareStatement(JDBC3Connection.java:241) ~[sqlite-jdbc-3.34.0.jar:?]
	at org.sqlite.jdbc3.JDBC3Connection.prepareStatement(JDBC3Connection.java:205) ~[sqlite-jdbc-3.34.0.jar:?]
	at ro.mpp2024.repository.RepositoryDBUser.findAll(RepositoryDBUser.java:57) [main/:?]
	at ro.mpp2024.Main.main(Main.java:23) [main/:?]
19 Mar 2025 16:43:30,075 INFO  ro.mpp2024.repository.RepositoryDBUser 24 <init> - Initializing CarsDBRepository with properties: {jdbc.url=jdbc:sqlite:C:\Intellij Projects\basket.db} 
19 Mar 2025 16:43:30,087 TRACE ro.mpp2024.repository.RepositoryDBUser 78 save - Enter Saving user ro.mpp2024.domain.User@1ffaf86
19 Mar 2025 16:43:30,088 TRACE ro.mpp2024.repository.JdbcUtils 48 getConnection - Enter
19 Mar 2025 16:43:30,089 TRACE ro.mpp2024.repository.JdbcUtils 26 getNewConnection - Enter
19 Mar 2025 16:43:30,089 INFO  ro.mpp2024.repository.JdbcUtils 31 getNewConnection - trying to connect to database ... jdbc:sqlite:C:\Intellij Projects\basket.db
19 Mar 2025 16:43:30,090 INFO  ro.mpp2024.repository.JdbcUtils 32 getNewConnection - user: null
19 Mar 2025 16:43:30,091 INFO  ro.mpp2024.repository.JdbcUtils 33 getNewConnection - pass: null
19 Mar 2025 16:43:30,387 TRACE ro.mpp2024.repository.JdbcUtils 57 getConnection - Exit with(org.sqlite.jdbc4.JDBC4Connection@6a4f1a55)
19 Mar 2025 16:43:30,393 ERROR ro.mpp2024.repository.RepositoryDBUser 95 save - Error saving user
org.sqlite.SQLiteException: [SQLITE_ERROR] SQL error or missing database (no such table: Users)
	at org.sqlite.core.DB.newSQLException(DB.java:1012) ~[sqlite-jdbc-3.34.0.jar:?]
	at org.sqlite.core.DB.newSQLException(DB.java:1024) ~[sqlite-jdbc-3.34.0.jar:?]
	at org.sqlite.core.DB.throwex(DB.java:989) ~[sqlite-jdbc-3.34.0.jar:?]
	at org.sqlite.core.NativeDB.prepare_utf8(Native Method) ~[sqlite-jdbc-3.34.0.jar:?]
	at org.sqlite.core.NativeDB.prepare(NativeDB.java:134) ~[sqlite-jdbc-3.34.0.jar:?]
	at org.sqlite.core.DB.prepare(DB.java:257) ~[sqlite-jdbc-3.34.0.jar:?]
	at org.sqlite.core.CorePreparedStatement.<init>(CorePreparedStatement.java:45) ~[sqlite-jdbc-3.34.0.jar:?]
	at org.sqlite.jdbc3.JDBC3PreparedStatement.<init>(JDBC3PreparedStatement.java:30) ~[sqlite-jdbc-3.34.0.jar:?]
	at org.sqlite.jdbc4.JDBC4PreparedStatement.<init>(JDBC4PreparedStatement.java:25) ~[sqlite-jdbc-3.34.0.jar:?]
	at org.sqlite.jdbc4.JDBC4Connection.prepareStatement(JDBC4Connection.java:35) ~[sqlite-jdbc-3.34.0.jar:?]
	at org.sqlite.jdbc3.JDBC3Connection.prepareStatement(JDBC3Connection.java:241) ~[sqlite-jdbc-3.34.0.jar:?]
	at org.sqlite.jdbc3.JDBC3Connection.prepareStatement(JDBC3Connection.java:205) ~[sqlite-jdbc-3.34.0.jar:?]
	at org.sqlite.jdbc3.JDBC3Connection.prepareStatement(JDBC3Connection.java:214) ~[sqlite-jdbc-3.34.0.jar:?]
	at ro.mpp2024.repository.RepositoryDBUser.save(RepositoryDBUser.java:80) [main/:?]
	at ro.mpp2024.repository.RepositoryDBUser.save(RepositoryDBUser.java:16) [main/:?]
	at ro.mpp2024.Main.main(Main.java:21) [main/:?]
19 Mar 2025 16:43:30,404 TRACE ro.mpp2024.repository.RepositoryDBUser 54 findAll - Enter Finding all users
19 Mar 2025 16:43:30,404 TRACE ro.mpp2024.repository.JdbcUtils 48 getConnection - Enter
19 Mar 2025 16:43:30,405 TRACE ro.mpp2024.repository.JdbcUtils 57 getConnection - Exit with(org.sqlite.jdbc4.JDBC4Connection@6a4f1a55)
19 Mar 2025 16:43:30,405 ERROR ro.mpp2024.repository.RepositoryDBUser 71 findAll - Error fetching all users
org.sqlite.SQLiteException: [SQLITE_ERROR] SQL error or missing database (no such table: Users)
	at org.sqlite.core.DB.newSQLException(DB.java:1012) ~[sqlite-jdbc-3.34.0.jar:?]
	at org.sqlite.core.DB.newSQLException(DB.java:1024) ~[sqlite-jdbc-3.34.0.jar:?]
	at org.sqlite.core.DB.throwex(DB.java:989) ~[sqlite-jdbc-3.34.0.jar:?]
	at org.sqlite.core.NativeDB.prepare_utf8(Native Method) ~[sqlite-jdbc-3.34.0.jar:?]
	at org.sqlite.core.NativeDB.prepare(NativeDB.java:134) ~[sqlite-jdbc-3.34.0.jar:?]
	at org.sqlite.core.DB.prepare(DB.java:257) ~[sqlite-jdbc-3.34.0.jar:?]
	at org.sqlite.core.CorePreparedStatement.<init>(CorePreparedStatement.java:45) ~[sqlite-jdbc-3.34.0.jar:?]
	at org.sqlite.jdbc3.JDBC3PreparedStatement.<init>(JDBC3PreparedStatement.java:30) ~[sqlite-jdbc-3.34.0.jar:?]
	at org.sqlite.jdbc4.JDBC4PreparedStatement.<init>(JDBC4PreparedStatement.java:25) ~[sqlite-jdbc-3.34.0.jar:?]
	at org.sqlite.jdbc4.JDBC4Connection.prepareStatement(JDBC4Connection.java:35) ~[sqlite-jdbc-3.34.0.jar:?]
	at org.sqlite.jdbc3.JDBC3Connection.prepareStatement(JDBC3Connection.java:241) ~[sqlite-jdbc-3.34.0.jar:?]
	at org.sqlite.jdbc3.JDBC3Connection.prepareStatement(JDBC3Connection.java:205) ~[sqlite-jdbc-3.34.0.jar:?]
	at ro.mpp2024.repository.RepositoryDBUser.findAll(RepositoryDBUser.java:57) [main/:?]
	at ro.mpp2024.Main.main(Main.java:23) [main/:?]
19 Mar 2025 16:43:36,992 INFO  ro.mpp2024.repository.RepositoryDBUser 24 <init> - Initializing CarsDBRepository with properties: {jdbc.url=jdbc:sqlite:C:\Intellij Projects\basket.db} 
19 Mar 2025 16:43:37,001 TRACE ro.mpp2024.repository.RepositoryDBUser 78 save - Enter Saving user ro.mpp2024.domain.User@1ffaf86
19 Mar 2025 16:43:37,002 TRACE ro.mpp2024.repository.JdbcUtils 48 getConnection - Enter
19 Mar 2025 16:43:37,002 TRACE ro.mpp2024.repository.JdbcUtils 26 getNewConnection - Enter
19 Mar 2025 16:43:37,003 INFO  ro.mpp2024.repository.JdbcUtils 31 getNewConnection - trying to connect to database ... jdbc:sqlite:C:\Intellij Projects\basket.db
19 Mar 2025 16:43:37,004 INFO  ro.mpp2024.repository.JdbcUtils 32 getNewConnection - user: null
19 Mar 2025 16:43:37,005 INFO  ro.mpp2024.repository.JdbcUtils 33 getNewConnection - pass: null
19 Mar 2025 16:43:37,278 TRACE ro.mpp2024.repository.JdbcUtils 57 getConnection - Exit with(org.sqlite.jdbc4.JDBC4Connection@6a4f1a55)
19 Mar 2025 16:43:37,284 ERROR ro.mpp2024.repository.RepositoryDBUser 95 save - Error saving user
org.sqlite.SQLiteException: [SQLITE_ERROR] SQL error or missing database (no such table: Users)
	at org.sqlite.core.DB.newSQLException(DB.java:1012) ~[sqlite-jdbc-3.34.0.jar:?]
	at org.sqlite.core.DB.newSQLException(DB.java:1024) ~[sqlite-jdbc-3.34.0.jar:?]
	at org.sqlite.core.DB.throwex(DB.java:989) ~[sqlite-jdbc-3.34.0.jar:?]
	at org.sqlite.core.NativeDB.prepare_utf8(Native Method) ~[sqlite-jdbc-3.34.0.jar:?]
	at org.sqlite.core.NativeDB.prepare(NativeDB.java:134) ~[sqlite-jdbc-3.34.0.jar:?]
	at org.sqlite.core.DB.prepare(DB.java:257) ~[sqlite-jdbc-3.34.0.jar:?]
	at org.sqlite.core.CorePreparedStatement.<init>(CorePreparedStatement.java:45) ~[sqlite-jdbc-3.34.0.jar:?]
	at org.sqlite.jdbc3.JDBC3PreparedStatement.<init>(JDBC3PreparedStatement.java:30) ~[sqlite-jdbc-3.34.0.jar:?]
	at org.sqlite.jdbc4.JDBC4PreparedStatement.<init>(JDBC4PreparedStatement.java:25) ~[sqlite-jdbc-3.34.0.jar:?]
	at org.sqlite.jdbc4.JDBC4Connection.prepareStatement(JDBC4Connection.java:35) ~[sqlite-jdbc-3.34.0.jar:?]
	at org.sqlite.jdbc3.JDBC3Connection.prepareStatement(JDBC3Connection.java:241) ~[sqlite-jdbc-3.34.0.jar:?]
	at org.sqlite.jdbc3.JDBC3Connection.prepareStatement(JDBC3Connection.java:205) ~[sqlite-jdbc-3.34.0.jar:?]
	at org.sqlite.jdbc3.JDBC3Connection.prepareStatement(JDBC3Connection.java:214) ~[sqlite-jdbc-3.34.0.jar:?]
	at ro.mpp2024.repository.RepositoryDBUser.save(RepositoryDBUser.java:80) [main/:?]
	at ro.mpp2024.repository.RepositoryDBUser.save(RepositoryDBUser.java:16) [main/:?]
	at ro.mpp2024.Main.main(Main.java:21) [main/:?]
19 Mar 2025 16:43:37,295 TRACE ro.mpp2024.repository.RepositoryDBUser 54 findAll - Enter Finding all users
19 Mar 2025 16:43:37,296 TRACE ro.mpp2024.repository.JdbcUtils 48 getConnection - Enter
19 Mar 2025 16:43:37,296 TRACE ro.mpp2024.repository.JdbcUtils 57 getConnection - Exit with(org.sqlite.jdbc4.JDBC4Connection@6a4f1a55)
19 Mar 2025 16:43:37,297 ERROR ro.mpp2024.repository.RepositoryDBUser 71 findAll - Error fetching all users
org.sqlite.SQLiteException: [SQLITE_ERROR] SQL error or missing database (no such table: Users)
	at org.sqlite.core.DB.newSQLException(DB.java:1012) ~[sqlite-jdbc-3.34.0.jar:?]
	at org.sqlite.core.DB.newSQLException(DB.java:1024) ~[sqlite-jdbc-3.34.0.jar:?]
	at org.sqlite.core.DB.throwex(DB.java:989) ~[sqlite-jdbc-3.34.0.jar:?]
	at org.sqlite.core.NativeDB.prepare_utf8(Native Method) ~[sqlite-jdbc-3.34.0.jar:?]
	at org.sqlite.core.NativeDB.prepare(NativeDB.java:134) ~[sqlite-jdbc-3.34.0.jar:?]
	at org.sqlite.core.DB.prepare(DB.java:257) ~[sqlite-jdbc-3.34.0.jar:?]
	at org.sqlite.core.CorePreparedStatement.<init>(CorePreparedStatement.java:45) ~[sqlite-jdbc-3.34.0.jar:?]
	at org.sqlite.jdbc3.JDBC3PreparedStatement.<init>(JDBC3PreparedStatement.java:30) ~[sqlite-jdbc-3.34.0.jar:?]
	at org.sqlite.jdbc4.JDBC4PreparedStatement.<init>(JDBC4PreparedStatement.java:25) ~[sqlite-jdbc-3.34.0.jar:?]
	at org.sqlite.jdbc4.JDBC4Connection.prepareStatement(JDBC4Connection.java:35) ~[sqlite-jdbc-3.34.0.jar:?]
	at org.sqlite.jdbc3.JDBC3Connection.prepareStatement(JDBC3Connection.java:241) ~[sqlite-jdbc-3.34.0.jar:?]
	at org.sqlite.jdbc3.JDBC3Connection.prepareStatement(JDBC3Connection.java:205) ~[sqlite-jdbc-3.34.0.jar:?]
	at ro.mpp2024.repository.RepositoryDBUser.findAll(RepositoryDBUser.java:57) [main/:?]
	at ro.mpp2024.Main.main(Main.java:23) [main/:?]
19 Mar 2025 16:45:12,370 INFO  ro.mpp2024.repository.RepositoryDBUser 24 <init> - Initializing CarsDBRepository with properties: {jdbc.url=jdbc:sqlite:C:\Intellij Projects\basket.db} 
19 Mar 2025 16:45:12,380 TRACE ro.mpp2024.repository.RepositoryDBUser 78 save - Enter Saving user ro.mpp2024.domain.User@1ffaf86
19 Mar 2025 16:45:12,381 TRACE ro.mpp2024.repository.JdbcUtils 48 getConnection - Enter
19 Mar 2025 16:45:12,382 TRACE ro.mpp2024.repository.JdbcUtils 26 getNewConnection - Enter
19 Mar 2025 16:45:12,382 INFO  ro.mpp2024.repository.JdbcUtils 31 getNewConnection - trying to connect to database ... jdbc:sqlite:C:\Intellij Projects\basket.db
19 Mar 2025 16:45:12,384 INFO  ro.mpp2024.repository.JdbcUtils 32 getNewConnection - user: null
19 Mar 2025 16:45:12,385 INFO  ro.mpp2024.repository.JdbcUtils 33 getNewConnection - pass: null
19 Mar 2025 16:45:12,673 TRACE ro.mpp2024.repository.JdbcUtils 57 getConnection - Exit with(org.sqlite.jdbc4.JDBC4Connection@6a4f1a55)
19 Mar 2025 16:45:12,679 ERROR ro.mpp2024.repository.RepositoryDBUser 95 save - Error saving user
org.sqlite.SQLiteException: [SQLITE_ERROR] SQL error or missing database (no such table: Users)
	at org.sqlite.core.DB.newSQLException(DB.java:1012) ~[sqlite-jdbc-3.34.0.jar:?]
	at org.sqlite.core.DB.newSQLException(DB.java:1024) ~[sqlite-jdbc-3.34.0.jar:?]
	at org.sqlite.core.DB.throwex(DB.java:989) ~[sqlite-jdbc-3.34.0.jar:?]
	at org.sqlite.core.NativeDB.prepare_utf8(Native Method) ~[sqlite-jdbc-3.34.0.jar:?]
	at org.sqlite.core.NativeDB.prepare(NativeDB.java:134) ~[sqlite-jdbc-3.34.0.jar:?]
	at org.sqlite.core.DB.prepare(DB.java:257) ~[sqlite-jdbc-3.34.0.jar:?]
	at org.sqlite.core.CorePreparedStatement.<init>(CorePreparedStatement.java:45) ~[sqlite-jdbc-3.34.0.jar:?]
	at org.sqlite.jdbc3.JDBC3PreparedStatement.<init>(JDBC3PreparedStatement.java:30) ~[sqlite-jdbc-3.34.0.jar:?]
	at org.sqlite.jdbc4.JDBC4PreparedStatement.<init>(JDBC4PreparedStatement.java:25) ~[sqlite-jdbc-3.34.0.jar:?]
	at org.sqlite.jdbc4.JDBC4Connection.prepareStatement(JDBC4Connection.java:35) ~[sqlite-jdbc-3.34.0.jar:?]
	at org.sqlite.jdbc3.JDBC3Connection.prepareStatement(JDBC3Connection.java:241) ~[sqlite-jdbc-3.34.0.jar:?]
	at org.sqlite.jdbc3.JDBC3Connection.prepareStatement(JDBC3Connection.java:205) ~[sqlite-jdbc-3.34.0.jar:?]
	at org.sqlite.jdbc3.JDBC3Connection.prepareStatement(JDBC3Connection.java:214) ~[sqlite-jdbc-3.34.0.jar:?]
	at ro.mpp2024.repository.RepositoryDBUser.save(RepositoryDBUser.java:80) [main/:?]
	at ro.mpp2024.repository.RepositoryDBUser.save(RepositoryDBUser.java:16) [main/:?]
	at ro.mpp2024.Main.main(Main.java:21) [main/:?]
19 Mar 2025 16:45:12,691 TRACE ro.mpp2024.repository.RepositoryDBUser 54 findAll - Enter Finding all users
19 Mar 2025 16:45:12,692 TRACE ro.mpp2024.repository.JdbcUtils 48 getConnection - Enter
19 Mar 2025 16:45:12,692 TRACE ro.mpp2024.repository.JdbcUtils 57 getConnection - Exit with(org.sqlite.jdbc4.JDBC4Connection@6a4f1a55)
19 Mar 2025 16:45:12,693 ERROR ro.mpp2024.repository.RepositoryDBUser 71 findAll - Error fetching all users
org.sqlite.SQLiteException: [SQLITE_ERROR] SQL error or missing database (no such table: Users)
	at org.sqlite.core.DB.newSQLException(DB.java:1012) ~[sqlite-jdbc-3.34.0.jar:?]
	at org.sqlite.core.DB.newSQLException(DB.java:1024) ~[sqlite-jdbc-3.34.0.jar:?]
	at org.sqlite.core.DB.throwex(DB.java:989) ~[sqlite-jdbc-3.34.0.jar:?]
	at org.sqlite.core.NativeDB.prepare_utf8(Native Method) ~[sqlite-jdbc-3.34.0.jar:?]
	at org.sqlite.core.NativeDB.prepare(NativeDB.java:134) ~[sqlite-jdbc-3.34.0.jar:?]
	at org.sqlite.core.DB.prepare(DB.java:257) ~[sqlite-jdbc-3.34.0.jar:?]
	at org.sqlite.core.CorePreparedStatement.<init>(CorePreparedStatement.java:45) ~[sqlite-jdbc-3.34.0.jar:?]
	at org.sqlite.jdbc3.JDBC3PreparedStatement.<init>(JDBC3PreparedStatement.java:30) ~[sqlite-jdbc-3.34.0.jar:?]
	at org.sqlite.jdbc4.JDBC4PreparedStatement.<init>(JDBC4PreparedStatement.java:25) ~[sqlite-jdbc-3.34.0.jar:?]
	at org.sqlite.jdbc4.JDBC4Connection.prepareStatement(JDBC4Connection.java:35) ~[sqlite-jdbc-3.34.0.jar:?]
	at org.sqlite.jdbc3.JDBC3Connection.prepareStatement(JDBC3Connection.java:241) ~[sqlite-jdbc-3.34.0.jar:?]
	at org.sqlite.jdbc3.JDBC3Connection.prepareStatement(JDBC3Connection.java:205) ~[sqlite-jdbc-3.34.0.jar:?]
	at ro.mpp2024.repository.RepositoryDBUser.findAll(RepositoryDBUser.java:57) [main/:?]
	at ro.mpp2024.Main.main(Main.java:23) [main/:?]
19 Mar 2025 16:46:07,121 INFO  ro.mpp2024.repository.RepositoryDBUser 24 <init> - Initializing CarsDBRepository with properties: {jdbc.url=jdbc:sqlite:C:\Intellij Projects\basket.db} 
19 Mar 2025 16:46:07,132 TRACE ro.mpp2024.repository.RepositoryDBUser 78 save - Enter Saving user ro.mpp2024.domain.User@1ffaf86
19 Mar 2025 16:46:07,133 TRACE ro.mpp2024.repository.JdbcUtils 48 getConnection - Enter
19 Mar 2025 16:46:07,133 TRACE ro.mpp2024.repository.JdbcUtils 26 getNewConnection - Enter
19 Mar 2025 16:46:07,134 INFO  ro.mpp2024.repository.JdbcUtils 31 getNewConnection - trying to connect to database ... jdbc:sqlite:C:\Intellij Projects\basket.db
19 Mar 2025 16:46:07,136 INFO  ro.mpp2024.repository.JdbcUtils 32 getNewConnection - user: null
19 Mar 2025 16:46:07,137 INFO  ro.mpp2024.repository.JdbcUtils 33 getNewConnection - pass: null
19 Mar 2025 16:46:07,419 TRACE ro.mpp2024.repository.JdbcUtils 57 getConnection - Exit with(org.sqlite.jdbc4.JDBC4Connection@6a4f1a55)
19 Mar 2025 16:46:07,429 ERROR ro.mpp2024.repository.RepositoryDBUser 95 save - Error saving user
org.sqlite.SQLiteException: [SQLITE_ERROR] SQL error or missing database (no such table: Users)
	at org.sqlite.core.DB.newSQLException(DB.java:1012) ~[sqlite-jdbc-3.34.0.jar:?]
	at org.sqlite.core.DB.newSQLException(DB.java:1024) ~[sqlite-jdbc-3.34.0.jar:?]
	at org.sqlite.core.DB.throwex(DB.java:989) ~[sqlite-jdbc-3.34.0.jar:?]
	at org.sqlite.core.NativeDB.prepare_utf8(Native Method) ~[sqlite-jdbc-3.34.0.jar:?]
	at org.sqlite.core.NativeDB.prepare(NativeDB.java:134) ~[sqlite-jdbc-3.34.0.jar:?]
	at org.sqlite.core.DB.prepare(DB.java:257) ~[sqlite-jdbc-3.34.0.jar:?]
	at org.sqlite.core.CorePreparedStatement.<init>(CorePreparedStatement.java:45) ~[sqlite-jdbc-3.34.0.jar:?]
	at org.sqlite.jdbc3.JDBC3PreparedStatement.<init>(JDBC3PreparedStatement.java:30) ~[sqlite-jdbc-3.34.0.jar:?]
	at org.sqlite.jdbc4.JDBC4PreparedStatement.<init>(JDBC4PreparedStatement.java:25) ~[sqlite-jdbc-3.34.0.jar:?]
	at org.sqlite.jdbc4.JDBC4Connection.prepareStatement(JDBC4Connection.java:35) ~[sqlite-jdbc-3.34.0.jar:?]
	at org.sqlite.jdbc3.JDBC3Connection.prepareStatement(JDBC3Connection.java:241) ~[sqlite-jdbc-3.34.0.jar:?]
	at org.sqlite.jdbc3.JDBC3Connection.prepareStatement(JDBC3Connection.java:205) ~[sqlite-jdbc-3.34.0.jar:?]
	at org.sqlite.jdbc3.JDBC3Connection.prepareStatement(JDBC3Connection.java:214) ~[sqlite-jdbc-3.34.0.jar:?]
	at ro.mpp2024.repository.RepositoryDBUser.save(RepositoryDBUser.java:80) [main/:?]
	at ro.mpp2024.repository.RepositoryDBUser.save(RepositoryDBUser.java:16) [main/:?]
	at ro.mpp2024.Main.main(Main.java:21) [main/:?]
19 Mar 2025 16:46:07,451 TRACE ro.mpp2024.repository.RepositoryDBUser 54 findAll - Enter Finding all users
19 Mar 2025 16:46:07,452 TRACE ro.mpp2024.repository.JdbcUtils 48 getConnection - Enter
19 Mar 2025 16:46:07,453 TRACE ro.mpp2024.repository.JdbcUtils 57 getConnection - Exit with(org.sqlite.jdbc4.JDBC4Connection@6a4f1a55)
19 Mar 2025 16:46:07,454 ERROR ro.mpp2024.repository.RepositoryDBUser 71 findAll - Error fetching all users
org.sqlite.SQLiteException: [SQLITE_ERROR] SQL error or missing database (no such table: Users)
	at org.sqlite.core.DB.newSQLException(DB.java:1012) ~[sqlite-jdbc-3.34.0.jar:?]
	at org.sqlite.core.DB.newSQLException(DB.java:1024) ~[sqlite-jdbc-3.34.0.jar:?]
	at org.sqlite.core.DB.throwex(DB.java:989) ~[sqlite-jdbc-3.34.0.jar:?]
	at org.sqlite.core.NativeDB.prepare_utf8(Native Method) ~[sqlite-jdbc-3.34.0.jar:?]
	at org.sqlite.core.NativeDB.prepare(NativeDB.java:134) ~[sqlite-jdbc-3.34.0.jar:?]
	at org.sqlite.core.DB.prepare(DB.java:257) ~[sqlite-jdbc-3.34.0.jar:?]
	at org.sqlite.core.CorePreparedStatement.<init>(CorePreparedStatement.java:45) ~[sqlite-jdbc-3.34.0.jar:?]
	at org.sqlite.jdbc3.JDBC3PreparedStatement.<init>(JDBC3PreparedStatement.java:30) ~[sqlite-jdbc-3.34.0.jar:?]
	at org.sqlite.jdbc4.JDBC4PreparedStatement.<init>(JDBC4PreparedStatement.java:25) ~[sqlite-jdbc-3.34.0.jar:?]
	at org.sqlite.jdbc4.JDBC4Connection.prepareStatement(JDBC4Connection.java:35) ~[sqlite-jdbc-3.34.0.jar:?]
	at org.sqlite.jdbc3.JDBC3Connection.prepareStatement(JDBC3Connection.java:241) ~[sqlite-jdbc-3.34.0.jar:?]
	at org.sqlite.jdbc3.JDBC3Connection.prepareStatement(JDBC3Connection.java:205) ~[sqlite-jdbc-3.34.0.jar:?]
	at ro.mpp2024.repository.RepositoryDBUser.findAll(RepositoryDBUser.java:57) [main/:?]
	at ro.mpp2024.Main.main(Main.java:23) [main/:?]
19 Mar 2025 16:46:19,965 INFO  ro.mpp2024.repository.RepositoryDBUser 24 <init> - Initializing CarsDBRepository with properties: {jdbc.url=jdbc:sqlite:C:\Intellij Projects\basket.db} 
19 Mar 2025 16:46:19,975 TRACE ro.mpp2024.repository.RepositoryDBUser 78 save - Enter Saving user ro.mpp2024.domain.User@1ffaf86
19 Mar 2025 16:46:19,976 TRACE ro.mpp2024.repository.JdbcUtils 48 getConnection - Enter
19 Mar 2025 16:46:19,976 TRACE ro.mpp2024.repository.JdbcUtils 26 getNewConnection - Enter
19 Mar 2025 16:46:19,977 INFO  ro.mpp2024.repository.JdbcUtils 31 getNewConnection - trying to connect to database ... jdbc:sqlite:C:\Intellij Projects\basket.db
19 Mar 2025 16:46:19,978 INFO  ro.mpp2024.repository.JdbcUtils 32 getNewConnection - user: null
19 Mar 2025 16:46:19,979 INFO  ro.mpp2024.repository.JdbcUtils 33 getNewConnection - pass: null
19 Mar 2025 16:46:20,224 TRACE ro.mpp2024.repository.JdbcUtils 57 getConnection - Exit with(org.sqlite.jdbc4.JDBC4Connection@6a4f1a55)
19 Mar 2025 16:46:20,229 ERROR ro.mpp2024.repository.RepositoryDBUser 95 save - Error saving user
org.sqlite.SQLiteException: [SQLITE_ERROR] SQL error or missing database (no such table: Users)
	at org.sqlite.core.DB.newSQLException(DB.java:1012) ~[sqlite-jdbc-3.34.0.jar:?]
	at org.sqlite.core.DB.newSQLException(DB.java:1024) ~[sqlite-jdbc-3.34.0.jar:?]
	at org.sqlite.core.DB.throwex(DB.java:989) ~[sqlite-jdbc-3.34.0.jar:?]
	at org.sqlite.core.NativeDB.prepare_utf8(Native Method) ~[sqlite-jdbc-3.34.0.jar:?]
	at org.sqlite.core.NativeDB.prepare(NativeDB.java:134) ~[sqlite-jdbc-3.34.0.jar:?]
	at org.sqlite.core.DB.prepare(DB.java:257) ~[sqlite-jdbc-3.34.0.jar:?]
	at org.sqlite.core.CorePreparedStatement.<init>(CorePreparedStatement.java:45) ~[sqlite-jdbc-3.34.0.jar:?]
	at org.sqlite.jdbc3.JDBC3PreparedStatement.<init>(JDBC3PreparedStatement.java:30) ~[sqlite-jdbc-3.34.0.jar:?]
	at org.sqlite.jdbc4.JDBC4PreparedStatement.<init>(JDBC4PreparedStatement.java:25) ~[sqlite-jdbc-3.34.0.jar:?]
	at org.sqlite.jdbc4.JDBC4Connection.prepareStatement(JDBC4Connection.java:35) ~[sqlite-jdbc-3.34.0.jar:?]
	at org.sqlite.jdbc3.JDBC3Connection.prepareStatement(JDBC3Connection.java:241) ~[sqlite-jdbc-3.34.0.jar:?]
	at org.sqlite.jdbc3.JDBC3Connection.prepareStatement(JDBC3Connection.java:205) ~[sqlite-jdbc-3.34.0.jar:?]
	at org.sqlite.jdbc3.JDBC3Connection.prepareStatement(JDBC3Connection.java:214) ~[sqlite-jdbc-3.34.0.jar:?]
	at ro.mpp2024.repository.RepositoryDBUser.save(RepositoryDBUser.java:80) [main/:?]
	at ro.mpp2024.repository.RepositoryDBUser.save(RepositoryDBUser.java:16) [main/:?]
	at ro.mpp2024.Main.main(Main.java:21) [main/:?]
19 Mar 2025 16:46:20,241 TRACE ro.mpp2024.repository.RepositoryDBUser 54 findAll - Enter Finding all users
19 Mar 2025 16:46:20,242 TRACE ro.mpp2024.repository.JdbcUtils 48 getConnection - Enter
19 Mar 2025 16:46:20,242 TRACE ro.mpp2024.repository.JdbcUtils 57 getConnection - Exit with(org.sqlite.jdbc4.JDBC4Connection@6a4f1a55)
19 Mar 2025 16:46:20,243 ERROR ro.mpp2024.repository.RepositoryDBUser 71 findAll - Error fetching all users
org.sqlite.SQLiteException: [SQLITE_ERROR] SQL error or missing database (no such table: Users)
	at org.sqlite.core.DB.newSQLException(DB.java:1012) ~[sqlite-jdbc-3.34.0.jar:?]
	at org.sqlite.core.DB.newSQLException(DB.java:1024) ~[sqlite-jdbc-3.34.0.jar:?]
	at org.sqlite.core.DB.throwex(DB.java:989) ~[sqlite-jdbc-3.34.0.jar:?]
	at org.sqlite.core.NativeDB.prepare_utf8(Native Method) ~[sqlite-jdbc-3.34.0.jar:?]
	at org.sqlite.core.NativeDB.prepare(NativeDB.java:134) ~[sqlite-jdbc-3.34.0.jar:?]
	at org.sqlite.core.DB.prepare(DB.java:257) ~[sqlite-jdbc-3.34.0.jar:?]
	at org.sqlite.core.CorePreparedStatement.<init>(CorePreparedStatement.java:45) ~[sqlite-jdbc-3.34.0.jar:?]
	at org.sqlite.jdbc3.JDBC3PreparedStatement.<init>(JDBC3PreparedStatement.java:30) ~[sqlite-jdbc-3.34.0.jar:?]
	at org.sqlite.jdbc4.JDBC4PreparedStatement.<init>(JDBC4PreparedStatement.java:25) ~[sqlite-jdbc-3.34.0.jar:?]
	at org.sqlite.jdbc4.JDBC4Connection.prepareStatement(JDBC4Connection.java:35) ~[sqlite-jdbc-3.34.0.jar:?]
	at org.sqlite.jdbc3.JDBC3Connection.prepareStatement(JDBC3Connection.java:241) ~[sqlite-jdbc-3.34.0.jar:?]
	at org.sqlite.jdbc3.JDBC3Connection.prepareStatement(JDBC3Connection.java:205) ~[sqlite-jdbc-3.34.0.jar:?]
	at ro.mpp2024.repository.RepositoryDBUser.findAll(RepositoryDBUser.java:57) [main/:?]
	at ro.mpp2024.Main.main(Main.java:23) [main/:?]
19 Mar 2025 16:46:32,642 INFO  ro.mpp2024.repository.RepositoryDBUser 24 <init> - Initializing CarsDBRepository with properties: {jdbc.url=jdbc:sqlite:C:\Intellij Projects\basket.db} 
19 Mar 2025 16:46:32,652 TRACE ro.mpp2024.repository.RepositoryDBUser 78 save - Enter Saving user ro.mpp2024.domain.User@1ffaf86
19 Mar 2025 16:46:32,653 TRACE ro.mpp2024.repository.JdbcUtils 48 getConnection - Enter
19 Mar 2025 16:46:32,653 TRACE ro.mpp2024.repository.JdbcUtils 26 getNewConnection - Enter
19 Mar 2025 16:46:32,654 INFO  ro.mpp2024.repository.JdbcUtils 31 getNewConnection - trying to connect to database ... jdbc:sqlite:C:\Intellij Projects\basket.db
19 Mar 2025 16:46:32,655 INFO  ro.mpp2024.repository.JdbcUtils 32 getNewConnection - user: null
19 Mar 2025 16:46:32,655 INFO  ro.mpp2024.repository.JdbcUtils 33 getNewConnection - pass: null
19 Mar 2025 16:46:32,930 TRACE ro.mpp2024.repository.JdbcUtils 57 getConnection - Exit with(org.sqlite.jdbc4.JDBC4Connection@6a4f1a55)
19 Mar 2025 16:46:32,937 ERROR ro.mpp2024.repository.RepositoryDBUser 95 save - Error saving user
org.sqlite.SQLiteException: [SQLITE_ERROR] SQL error or missing database (no such table: Users)
	at org.sqlite.core.DB.newSQLException(DB.java:1012) ~[sqlite-jdbc-3.34.0.jar:?]
	at org.sqlite.core.DB.newSQLException(DB.java:1024) ~[sqlite-jdbc-3.34.0.jar:?]
	at org.sqlite.core.DB.throwex(DB.java:989) ~[sqlite-jdbc-3.34.0.jar:?]
	at org.sqlite.core.NativeDB.prepare_utf8(Native Method) ~[sqlite-jdbc-3.34.0.jar:?]
	at org.sqlite.core.NativeDB.prepare(NativeDB.java:134) ~[sqlite-jdbc-3.34.0.jar:?]
	at org.sqlite.core.DB.prepare(DB.java:257) ~[sqlite-jdbc-3.34.0.jar:?]
	at org.sqlite.core.CorePreparedStatement.<init>(CorePreparedStatement.java:45) ~[sqlite-jdbc-3.34.0.jar:?]
	at org.sqlite.jdbc3.JDBC3PreparedStatement.<init>(JDBC3PreparedStatement.java:30) ~[sqlite-jdbc-3.34.0.jar:?]
	at org.sqlite.jdbc4.JDBC4PreparedStatement.<init>(JDBC4PreparedStatement.java:25) ~[sqlite-jdbc-3.34.0.jar:?]
	at org.sqlite.jdbc4.JDBC4Connection.prepareStatement(JDBC4Connection.java:35) ~[sqlite-jdbc-3.34.0.jar:?]
	at org.sqlite.jdbc3.JDBC3Connection.prepareStatement(JDBC3Connection.java:241) ~[sqlite-jdbc-3.34.0.jar:?]
	at org.sqlite.jdbc3.JDBC3Connection.prepareStatement(JDBC3Connection.java:205) ~[sqlite-jdbc-3.34.0.jar:?]
	at org.sqlite.jdbc3.JDBC3Connection.prepareStatement(JDBC3Connection.java:214) ~[sqlite-jdbc-3.34.0.jar:?]
	at ro.mpp2024.repository.RepositoryDBUser.save(RepositoryDBUser.java:80) [main/:?]
	at ro.mpp2024.repository.RepositoryDBUser.save(RepositoryDBUser.java:16) [main/:?]
	at ro.mpp2024.Main.main(Main.java:21) [main/:?]
19 Mar 2025 16:46:32,953 TRACE ro.mpp2024.repository.RepositoryDBUser 54 findAll - Enter Finding all users
19 Mar 2025 16:46:32,954 TRACE ro.mpp2024.repository.JdbcUtils 48 getConnection - Enter
19 Mar 2025 16:46:32,955 TRACE ro.mpp2024.repository.JdbcUtils 57 getConnection - Exit with(org.sqlite.jdbc4.JDBC4Connection@6a4f1a55)
19 Mar 2025 16:46:32,956 ERROR ro.mpp2024.repository.RepositoryDBUser 71 findAll - Error fetching all users
org.sqlite.SQLiteException: [SQLITE_ERROR] SQL error or missing database (no such table: Users)
	at org.sqlite.core.DB.newSQLException(DB.java:1012) ~[sqlite-jdbc-3.34.0.jar:?]
	at org.sqlite.core.DB.newSQLException(DB.java:1024) ~[sqlite-jdbc-3.34.0.jar:?]
	at org.sqlite.core.DB.throwex(DB.java:989) ~[sqlite-jdbc-3.34.0.jar:?]
	at org.sqlite.core.NativeDB.prepare_utf8(Native Method) ~[sqlite-jdbc-3.34.0.jar:?]
	at org.sqlite.core.NativeDB.prepare(NativeDB.java:134) ~[sqlite-jdbc-3.34.0.jar:?]
	at org.sqlite.core.DB.prepare(DB.java:257) ~[sqlite-jdbc-3.34.0.jar:?]
	at org.sqlite.core.CorePreparedStatement.<init>(CorePreparedStatement.java:45) ~[sqlite-jdbc-3.34.0.jar:?]
	at org.sqlite.jdbc3.JDBC3PreparedStatement.<init>(JDBC3PreparedStatement.java:30) ~[sqlite-jdbc-3.34.0.jar:?]
	at org.sqlite.jdbc4.JDBC4PreparedStatement.<init>(JDBC4PreparedStatement.java:25) ~[sqlite-jdbc-3.34.0.jar:?]
	at org.sqlite.jdbc4.JDBC4Connection.prepareStatement(JDBC4Connection.java:35) ~[sqlite-jdbc-3.34.0.jar:?]
	at org.sqlite.jdbc3.JDBC3Connection.prepareStatement(JDBC3Connection.java:241) ~[sqlite-jdbc-3.34.0.jar:?]
	at org.sqlite.jdbc3.JDBC3Connection.prepareStatement(JDBC3Connection.java:205) ~[sqlite-jdbc-3.34.0.jar:?]
	at ro.mpp2024.repository.RepositoryDBUser.findAll(RepositoryDBUser.java:57) [main/:?]
	at ro.mpp2024.Main.main(Main.java:23) [main/:?]
19 Mar 2025 16:48:28,434 INFO  ro.mpp2024.repository.RepositoryDBUser 24 <init> - Initializing CarsDBRepository with properties: {jdbc.url=jdbc:sqlite:C:\Intellij Projects\basket.db} 
19 Mar 2025 16:48:28,446 TRACE ro.mpp2024.repository.RepositoryDBUser 78 save - Enter Saving user ro.mpp2024.domain.User@1ffaf86
19 Mar 2025 16:48:28,447 TRACE ro.mpp2024.repository.JdbcUtils 48 getConnection - Enter
19 Mar 2025 16:48:28,447 TRACE ro.mpp2024.repository.JdbcUtils 26 getNewConnection - Enter
19 Mar 2025 16:48:28,448 INFO  ro.mpp2024.repository.JdbcUtils 31 getNewConnection - trying to connect to database ... jdbc:sqlite:C:\Intellij Projects\basket.db
19 Mar 2025 16:48:28,449 INFO  ro.mpp2024.repository.JdbcUtils 32 getNewConnection - user: null
19 Mar 2025 16:48:28,450 INFO  ro.mpp2024.repository.JdbcUtils 33 getNewConnection - pass: null
19 Mar 2025 16:48:28,797 TRACE ro.mpp2024.repository.JdbcUtils 57 getConnection - Exit with(org.sqlite.jdbc4.JDBC4Connection@6a4f1a55)
19 Mar 2025 16:48:28,804 ERROR ro.mpp2024.repository.RepositoryDBUser 95 save - Error saving user
org.sqlite.SQLiteException: [SQLITE_ERROR] SQL error or missing database (no such table: Users)
	at org.sqlite.core.DB.newSQLException(DB.java:1012) ~[sqlite-jdbc-3.34.0.jar:?]
	at org.sqlite.core.DB.newSQLException(DB.java:1024) ~[sqlite-jdbc-3.34.0.jar:?]
	at org.sqlite.core.DB.throwex(DB.java:989) ~[sqlite-jdbc-3.34.0.jar:?]
	at org.sqlite.core.NativeDB.prepare_utf8(Native Method) ~[sqlite-jdbc-3.34.0.jar:?]
	at org.sqlite.core.NativeDB.prepare(NativeDB.java:134) ~[sqlite-jdbc-3.34.0.jar:?]
	at org.sqlite.core.DB.prepare(DB.java:257) ~[sqlite-jdbc-3.34.0.jar:?]
	at org.sqlite.core.CorePreparedStatement.<init>(CorePreparedStatement.java:45) ~[sqlite-jdbc-3.34.0.jar:?]
	at org.sqlite.jdbc3.JDBC3PreparedStatement.<init>(JDBC3PreparedStatement.java:30) ~[sqlite-jdbc-3.34.0.jar:?]
	at org.sqlite.jdbc4.JDBC4PreparedStatement.<init>(JDBC4PreparedStatement.java:25) ~[sqlite-jdbc-3.34.0.jar:?]
	at org.sqlite.jdbc4.JDBC4Connection.prepareStatement(JDBC4Connection.java:35) ~[sqlite-jdbc-3.34.0.jar:?]
	at org.sqlite.jdbc3.JDBC3Connection.prepareStatement(JDBC3Connection.java:241) ~[sqlite-jdbc-3.34.0.jar:?]
	at org.sqlite.jdbc3.JDBC3Connection.prepareStatement(JDBC3Connection.java:205) ~[sqlite-jdbc-3.34.0.jar:?]
	at org.sqlite.jdbc3.JDBC3Connection.prepareStatement(JDBC3Connection.java:214) ~[sqlite-jdbc-3.34.0.jar:?]
	at ro.mpp2024.repository.RepositoryDBUser.save(RepositoryDBUser.java:80) [main/:?]
	at ro.mpp2024.repository.RepositoryDBUser.save(RepositoryDBUser.java:16) [main/:?]
	at ro.mpp2024.Main.main(Main.java:21) [main/:?]
19 Mar 2025 16:48:28,821 TRACE ro.mpp2024.repository.RepositoryDBUser 54 findAll - Enter Finding all users
19 Mar 2025 16:48:28,821 TRACE ro.mpp2024.repository.JdbcUtils 48 getConnection - Enter
19 Mar 2025 16:48:28,822 TRACE ro.mpp2024.repository.JdbcUtils 57 getConnection - Exit with(org.sqlite.jdbc4.JDBC4Connection@6a4f1a55)
19 Mar 2025 16:48:28,823 ERROR ro.mpp2024.repository.RepositoryDBUser 71 findAll - Error fetching all users
org.sqlite.SQLiteException: [SQLITE_ERROR] SQL error or missing database (no such table: Users)
	at org.sqlite.core.DB.newSQLException(DB.java:1012) ~[sqlite-jdbc-3.34.0.jar:?]
	at org.sqlite.core.DB.newSQLException(DB.java:1024) ~[sqlite-jdbc-3.34.0.jar:?]
	at org.sqlite.core.DB.throwex(DB.java:989) ~[sqlite-jdbc-3.34.0.jar:?]
	at org.sqlite.core.NativeDB.prepare_utf8(Native Method) ~[sqlite-jdbc-3.34.0.jar:?]
	at org.sqlite.core.NativeDB.prepare(NativeDB.java:134) ~[sqlite-jdbc-3.34.0.jar:?]
	at org.sqlite.core.DB.prepare(DB.java:257) ~[sqlite-jdbc-3.34.0.jar:?]
	at org.sqlite.core.CorePreparedStatement.<init>(CorePreparedStatement.java:45) ~[sqlite-jdbc-3.34.0.jar:?]
	at org.sqlite.jdbc3.JDBC3PreparedStatement.<init>(JDBC3PreparedStatement.java:30) ~[sqlite-jdbc-3.34.0.jar:?]
	at org.sqlite.jdbc4.JDBC4PreparedStatement.<init>(JDBC4PreparedStatement.java:25) ~[sqlite-jdbc-3.34.0.jar:?]
	at org.sqlite.jdbc4.JDBC4Connection.prepareStatement(JDBC4Connection.java:35) ~[sqlite-jdbc-3.34.0.jar:?]
	at org.sqlite.jdbc3.JDBC3Connection.prepareStatement(JDBC3Connection.java:241) ~[sqlite-jdbc-3.34.0.jar:?]
	at org.sqlite.jdbc3.JDBC3Connection.prepareStatement(JDBC3Connection.java:205) ~[sqlite-jdbc-3.34.0.jar:?]
	at ro.mpp2024.repository.RepositoryDBUser.findAll(RepositoryDBUser.java:57) [main/:?]
	at ro.mpp2024.Main.main(Main.java:23) [main/:?]
19 Mar 2025 16:50:14,124 INFO  ro.mpp2024.repository.RepositoryDBUser 24 <init> - Initializing CarsDBRepository with properties: {jdbc.url=jdbc:sqlite:C:Intellij Projectsbasket.db} 
19 Mar 2025 16:50:14,133 TRACE ro.mpp2024.repository.RepositoryDBUser 78 save - Enter Saving user ro.mpp2024.domain.User@1ffaf86
19 Mar 2025 16:50:14,134 TRACE ro.mpp2024.repository.JdbcUtils 48 getConnection - Enter
19 Mar 2025 16:50:14,134 TRACE ro.mpp2024.repository.JdbcUtils 26 getNewConnection - Enter
19 Mar 2025 16:50:14,135 INFO  ro.mpp2024.repository.JdbcUtils 31 getNewConnection - trying to connect to database ... jdbc:sqlite:C:Intellij Projectsbasket.db
19 Mar 2025 16:50:14,136 INFO  ro.mpp2024.repository.JdbcUtils 32 getNewConnection - user: null
19 Mar 2025 16:50:14,136 INFO  ro.mpp2024.repository.JdbcUtils 33 getNewConnection - pass: null
19 Mar 2025 16:50:14,511 TRACE ro.mpp2024.repository.JdbcUtils 57 getConnection - Exit with(org.sqlite.jdbc4.JDBC4Connection@6a4f1a55)
19 Mar 2025 16:50:14,517 ERROR ro.mpp2024.repository.RepositoryDBUser 95 save - Error saving user
org.sqlite.SQLiteException: [SQLITE_ERROR] SQL error or missing database (no such table: Users)
	at org.sqlite.core.DB.newSQLException(DB.java:1012) ~[sqlite-jdbc-3.34.0.jar:?]
	at org.sqlite.core.DB.newSQLException(DB.java:1024) ~[sqlite-jdbc-3.34.0.jar:?]
	at org.sqlite.core.DB.throwex(DB.java:989) ~[sqlite-jdbc-3.34.0.jar:?]
	at org.sqlite.core.NativeDB.prepare_utf8(Native Method) ~[sqlite-jdbc-3.34.0.jar:?]
	at org.sqlite.core.NativeDB.prepare(NativeDB.java:134) ~[sqlite-jdbc-3.34.0.jar:?]
	at org.sqlite.core.DB.prepare(DB.java:257) ~[sqlite-jdbc-3.34.0.jar:?]
	at org.sqlite.core.CorePreparedStatement.<init>(CorePreparedStatement.java:45) ~[sqlite-jdbc-3.34.0.jar:?]
	at org.sqlite.jdbc3.JDBC3PreparedStatement.<init>(JDBC3PreparedStatement.java:30) ~[sqlite-jdbc-3.34.0.jar:?]
	at org.sqlite.jdbc4.JDBC4PreparedStatement.<init>(JDBC4PreparedStatement.java:25) ~[sqlite-jdbc-3.34.0.jar:?]
	at org.sqlite.jdbc4.JDBC4Connection.prepareStatement(JDBC4Connection.java:35) ~[sqlite-jdbc-3.34.0.jar:?]
	at org.sqlite.jdbc3.JDBC3Connection.prepareStatement(JDBC3Connection.java:241) ~[sqlite-jdbc-3.34.0.jar:?]
	at org.sqlite.jdbc3.JDBC3Connection.prepareStatement(JDBC3Connection.java:205) ~[sqlite-jdbc-3.34.0.jar:?]
	at org.sqlite.jdbc3.JDBC3Connection.prepareStatement(JDBC3Connection.java:214) ~[sqlite-jdbc-3.34.0.jar:?]
	at ro.mpp2024.repository.RepositoryDBUser.save(RepositoryDBUser.java:80) [main/:?]
	at ro.mpp2024.repository.RepositoryDBUser.save(RepositoryDBUser.java:16) [main/:?]
	at ro.mpp2024.Main.main(Main.java:21) [main/:?]
19 Mar 2025 16:50:14,534 TRACE ro.mpp2024.repository.RepositoryDBUser 54 findAll - Enter Finding all users
19 Mar 2025 16:50:14,534 TRACE ro.mpp2024.repository.JdbcUtils 48 getConnection - Enter
19 Mar 2025 16:50:14,535 TRACE ro.mpp2024.repository.JdbcUtils 57 getConnection - Exit with(org.sqlite.jdbc4.JDBC4Connection@6a4f1a55)
19 Mar 2025 16:50:14,535 ERROR ro.mpp2024.repository.RepositoryDBUser 71 findAll - Error fetching all users
org.sqlite.SQLiteException: [SQLITE_ERROR] SQL error or missing database (no such table: Users)
	at org.sqlite.core.DB.newSQLException(DB.java:1012) ~[sqlite-jdbc-3.34.0.jar:?]
	at org.sqlite.core.DB.newSQLException(DB.java:1024) ~[sqlite-jdbc-3.34.0.jar:?]
	at org.sqlite.core.DB.throwex(DB.java:989) ~[sqlite-jdbc-3.34.0.jar:?]
	at org.sqlite.core.NativeDB.prepare_utf8(Native Method) ~[sqlite-jdbc-3.34.0.jar:?]
	at org.sqlite.core.NativeDB.prepare(NativeDB.java:134) ~[sqlite-jdbc-3.34.0.jar:?]
	at org.sqlite.core.DB.prepare(DB.java:257) ~[sqlite-jdbc-3.34.0.jar:?]
	at org.sqlite.core.CorePreparedStatement.<init>(CorePreparedStatement.java:45) ~[sqlite-jdbc-3.34.0.jar:?]
	at org.sqlite.jdbc3.JDBC3PreparedStatement.<init>(JDBC3PreparedStatement.java:30) ~[sqlite-jdbc-3.34.0.jar:?]
	at org.sqlite.jdbc4.JDBC4PreparedStatement.<init>(JDBC4PreparedStatement.java:25) ~[sqlite-jdbc-3.34.0.jar:?]
	at org.sqlite.jdbc4.JDBC4Connection.prepareStatement(JDBC4Connection.java:35) ~[sqlite-jdbc-3.34.0.jar:?]
	at org.sqlite.jdbc3.JDBC3Connection.prepareStatement(JDBC3Connection.java:241) ~[sqlite-jdbc-3.34.0.jar:?]
	at org.sqlite.jdbc3.JDBC3Connection.prepareStatement(JDBC3Connection.java:205) ~[sqlite-jdbc-3.34.0.jar:?]
	at ro.mpp2024.repository.RepositoryDBUser.findAll(RepositoryDBUser.java:57) [main/:?]
	at ro.mpp2024.Main.main(Main.java:23) [main/:?]
19 Mar 2025 16:52:13,215 INFO  ro.mpp2024.repository.RepositoryDBUser 22 <init> - Initializing CarsDBRepository with properties: {jdbc.url=jdbc:sqlite:C:Intellij Projectsbasket.db} 
19 Mar 2025 16:52:13,226 TRACE ro.mpp2024.repository.RepositoryDBUser 76 save - Enter Saving user ro.mpp2024.domain.User@1ffaf86
19 Mar 2025 16:52:13,227 TRACE ro.mpp2024.repository.JdbcUtils 48 getConnection - Enter
19 Mar 2025 16:52:13,227 TRACE ro.mpp2024.repository.JdbcUtils 26 getNewConnection - Enter
19 Mar 2025 16:52:13,228 INFO  ro.mpp2024.repository.JdbcUtils 31 getNewConnection - trying to connect to database ... jdbc:sqlite:C:Intellij Projectsbasket.db
19 Mar 2025 16:52:13,230 INFO  ro.mpp2024.repository.JdbcUtils 32 getNewConnection - user: null
19 Mar 2025 16:52:13,231 INFO  ro.mpp2024.repository.JdbcUtils 33 getNewConnection - pass: null
19 Mar 2025 16:52:13,569 TRACE ro.mpp2024.repository.JdbcUtils 57 getConnection - Exit with(org.sqlite.jdbc4.JDBC4Connection@6a4f1a55)
19 Mar 2025 16:52:13,575 ERROR ro.mpp2024.repository.RepositoryDBUser 93 save - Error saving user
org.sqlite.SQLiteException: [SQLITE_ERROR] SQL error or missing database (no such table: Users)
	at org.sqlite.core.DB.newSQLException(DB.java:1012) ~[sqlite-jdbc-3.34.0.jar:?]
	at org.sqlite.core.DB.newSQLException(DB.java:1024) ~[sqlite-jdbc-3.34.0.jar:?]
	at org.sqlite.core.DB.throwex(DB.java:989) ~[sqlite-jdbc-3.34.0.jar:?]
	at org.sqlite.core.NativeDB.prepare_utf8(Native Method) ~[sqlite-jdbc-3.34.0.jar:?]
	at org.sqlite.core.NativeDB.prepare(NativeDB.java:134) ~[sqlite-jdbc-3.34.0.jar:?]
	at org.sqlite.core.DB.prepare(DB.java:257) ~[sqlite-jdbc-3.34.0.jar:?]
	at org.sqlite.core.CorePreparedStatement.<init>(CorePreparedStatement.java:45) ~[sqlite-jdbc-3.34.0.jar:?]
	at org.sqlite.jdbc3.JDBC3PreparedStatement.<init>(JDBC3PreparedStatement.java:30) ~[sqlite-jdbc-3.34.0.jar:?]
	at org.sqlite.jdbc4.JDBC4PreparedStatement.<init>(JDBC4PreparedStatement.java:25) ~[sqlite-jdbc-3.34.0.jar:?]
	at org.sqlite.jdbc4.JDBC4Connection.prepareStatement(JDBC4Connection.java:35) ~[sqlite-jdbc-3.34.0.jar:?]
	at org.sqlite.jdbc3.JDBC3Connection.prepareStatement(JDBC3Connection.java:241) ~[sqlite-jdbc-3.34.0.jar:?]
	at org.sqlite.jdbc3.JDBC3Connection.prepareStatement(JDBC3Connection.java:205) ~[sqlite-jdbc-3.34.0.jar:?]
	at org.sqlite.jdbc3.JDBC3Connection.prepareStatement(JDBC3Connection.java:214) ~[sqlite-jdbc-3.34.0.jar:?]
	at ro.mpp2024.repository.RepositoryDBUser.save(RepositoryDBUser.java:78) [main/:?]
	at ro.mpp2024.repository.RepositoryDBUser.save(RepositoryDBUser.java:16) [main/:?]
	at ro.mpp2024.Main.main(Main.java:21) [main/:?]
19 Mar 2025 16:52:13,590 TRACE ro.mpp2024.repository.RepositoryDBUser 52 findAll - Enter Finding all users
19 Mar 2025 16:52:13,591 TRACE ro.mpp2024.repository.JdbcUtils 48 getConnection - Enter
19 Mar 2025 16:52:13,591 TRACE ro.mpp2024.repository.JdbcUtils 57 getConnection - Exit with(org.sqlite.jdbc4.JDBC4Connection@6a4f1a55)
19 Mar 2025 16:52:13,592 ERROR ro.mpp2024.repository.RepositoryDBUser 69 findAll - Error fetching all users
org.sqlite.SQLiteException: [SQLITE_ERROR] SQL error or missing database (no such table: Users)
	at org.sqlite.core.DB.newSQLException(DB.java:1012) ~[sqlite-jdbc-3.34.0.jar:?]
	at org.sqlite.core.DB.newSQLException(DB.java:1024) ~[sqlite-jdbc-3.34.0.jar:?]
	at org.sqlite.core.DB.throwex(DB.java:989) ~[sqlite-jdbc-3.34.0.jar:?]
	at org.sqlite.core.NativeDB.prepare_utf8(Native Method) ~[sqlite-jdbc-3.34.0.jar:?]
	at org.sqlite.core.NativeDB.prepare(NativeDB.java:134) ~[sqlite-jdbc-3.34.0.jar:?]
	at org.sqlite.core.DB.prepare(DB.java:257) ~[sqlite-jdbc-3.34.0.jar:?]
	at org.sqlite.core.CorePreparedStatement.<init>(CorePreparedStatement.java:45) ~[sqlite-jdbc-3.34.0.jar:?]
	at org.sqlite.jdbc3.JDBC3PreparedStatement.<init>(JDBC3PreparedStatement.java:30) ~[sqlite-jdbc-3.34.0.jar:?]
	at org.sqlite.jdbc4.JDBC4PreparedStatement.<init>(JDBC4PreparedStatement.java:25) ~[sqlite-jdbc-3.34.0.jar:?]
	at org.sqlite.jdbc4.JDBC4Connection.prepareStatement(JDBC4Connection.java:35) ~[sqlite-jdbc-3.34.0.jar:?]
	at org.sqlite.jdbc3.JDBC3Connection.prepareStatement(JDBC3Connection.java:241) ~[sqlite-jdbc-3.34.0.jar:?]
	at org.sqlite.jdbc3.JDBC3Connection.prepareStatement(JDBC3Connection.java:205) ~[sqlite-jdbc-3.34.0.jar:?]
	at ro.mpp2024.repository.RepositoryDBUser.findAll(RepositoryDBUser.java:55) [main/:?]
	at ro.mpp2024.Main.main(Main.java:23) [main/:?]
19 Mar 2025 16:52:57,937 INFO  ro.mpp2024.repository.RepositoryDBUser 22 <init> - Initializing CarsDBRepository with properties: {jdbc.url=jdbc:sqlite:C:/Intellij Projects/basket.db} 
19 Mar 2025 16:52:57,947 TRACE ro.mpp2024.repository.RepositoryDBUser 76 save - Enter Saving user ro.mpp2024.domain.User@1ffaf86
19 Mar 2025 16:52:57,947 TRACE ro.mpp2024.repository.JdbcUtils 48 getConnection - Enter
19 Mar 2025 16:52:57,948 TRACE ro.mpp2024.repository.JdbcUtils 26 getNewConnection - Enter
19 Mar 2025 16:52:57,948 INFO  ro.mpp2024.repository.JdbcUtils 31 getNewConnection - trying to connect to database ... jdbc:sqlite:C:/Intellij Projects/basket.db
19 Mar 2025 16:52:57,950 INFO  ro.mpp2024.repository.JdbcUtils 32 getNewConnection - user: null
19 Mar 2025 16:52:57,950 INFO  ro.mpp2024.repository.JdbcUtils 33 getNewConnection - pass: null
19 Mar 2025 16:52:58,231 TRACE ro.mpp2024.repository.JdbcUtils 57 getConnection - Exit with(org.sqlite.jdbc4.JDBC4Connection@6a4f1a55)
19 Mar 2025 16:52:58,239 ERROR ro.mpp2024.repository.RepositoryDBUser 93 save - Error saving user
org.sqlite.SQLiteException: [SQLITE_ERROR] SQL error or missing database (no such table: Users)
	at org.sqlite.core.DB.newSQLException(DB.java:1012) ~[sqlite-jdbc-3.34.0.jar:?]
	at org.sqlite.core.DB.newSQLException(DB.java:1024) ~[sqlite-jdbc-3.34.0.jar:?]
	at org.sqlite.core.DB.throwex(DB.java:989) ~[sqlite-jdbc-3.34.0.jar:?]
	at org.sqlite.core.NativeDB.prepare_utf8(Native Method) ~[sqlite-jdbc-3.34.0.jar:?]
	at org.sqlite.core.NativeDB.prepare(NativeDB.java:134) ~[sqlite-jdbc-3.34.0.jar:?]
	at org.sqlite.core.DB.prepare(DB.java:257) ~[sqlite-jdbc-3.34.0.jar:?]
	at org.sqlite.core.CorePreparedStatement.<init>(CorePreparedStatement.java:45) ~[sqlite-jdbc-3.34.0.jar:?]
	at org.sqlite.jdbc3.JDBC3PreparedStatement.<init>(JDBC3PreparedStatement.java:30) ~[sqlite-jdbc-3.34.0.jar:?]
	at org.sqlite.jdbc4.JDBC4PreparedStatement.<init>(JDBC4PreparedStatement.java:25) ~[sqlite-jdbc-3.34.0.jar:?]
	at org.sqlite.jdbc4.JDBC4Connection.prepareStatement(JDBC4Connection.java:35) ~[sqlite-jdbc-3.34.0.jar:?]
	at org.sqlite.jdbc3.JDBC3Connection.prepareStatement(JDBC3Connection.java:241) ~[sqlite-jdbc-3.34.0.jar:?]
	at org.sqlite.jdbc3.JDBC3Connection.prepareStatement(JDBC3Connection.java:205) ~[sqlite-jdbc-3.34.0.jar:?]
	at org.sqlite.jdbc3.JDBC3Connection.prepareStatement(JDBC3Connection.java:214) ~[sqlite-jdbc-3.34.0.jar:?]
	at ro.mpp2024.repository.RepositoryDBUser.save(RepositoryDBUser.java:78) [main/:?]
	at ro.mpp2024.repository.RepositoryDBUser.save(RepositoryDBUser.java:16) [main/:?]
	at ro.mpp2024.Main.main(Main.java:21) [main/:?]
19 Mar 2025 16:52:58,255 TRACE ro.mpp2024.repository.RepositoryDBUser 52 findAll - Enter Finding all users
19 Mar 2025 16:52:58,255 TRACE ro.mpp2024.repository.JdbcUtils 48 getConnection - Enter
19 Mar 2025 16:52:58,256 TRACE ro.mpp2024.repository.JdbcUtils 57 getConnection - Exit with(org.sqlite.jdbc4.JDBC4Connection@6a4f1a55)
19 Mar 2025 16:52:58,257 ERROR ro.mpp2024.repository.RepositoryDBUser 69 findAll - Error fetching all users
org.sqlite.SQLiteException: [SQLITE_ERROR] SQL error or missing database (no such table: Users)
	at org.sqlite.core.DB.newSQLException(DB.java:1012) ~[sqlite-jdbc-3.34.0.jar:?]
	at org.sqlite.core.DB.newSQLException(DB.java:1024) ~[sqlite-jdbc-3.34.0.jar:?]
	at org.sqlite.core.DB.throwex(DB.java:989) ~[sqlite-jdbc-3.34.0.jar:?]
	at org.sqlite.core.NativeDB.prepare_utf8(Native Method) ~[sqlite-jdbc-3.34.0.jar:?]
	at org.sqlite.core.NativeDB.prepare(NativeDB.java:134) ~[sqlite-jdbc-3.34.0.jar:?]
	at org.sqlite.core.DB.prepare(DB.java:257) ~[sqlite-jdbc-3.34.0.jar:?]
	at org.sqlite.core.CorePreparedStatement.<init>(CorePreparedStatement.java:45) ~[sqlite-jdbc-3.34.0.jar:?]
	at org.sqlite.jdbc3.JDBC3PreparedStatement.<init>(JDBC3PreparedStatement.java:30) ~[sqlite-jdbc-3.34.0.jar:?]
	at org.sqlite.jdbc4.JDBC4PreparedStatement.<init>(JDBC4PreparedStatement.java:25) ~[sqlite-jdbc-3.34.0.jar:?]
	at org.sqlite.jdbc4.JDBC4Connection.prepareStatement(JDBC4Connection.java:35) ~[sqlite-jdbc-3.34.0.jar:?]
	at org.sqlite.jdbc3.JDBC3Connection.prepareStatement(JDBC3Connection.java:241) ~[sqlite-jdbc-3.34.0.jar:?]
	at org.sqlite.jdbc3.JDBC3Connection.prepareStatement(JDBC3Connection.java:205) ~[sqlite-jdbc-3.34.0.jar:?]
	at ro.mpp2024.repository.RepositoryDBUser.findAll(RepositoryDBUser.java:55) [main/:?]
	at ro.mpp2024.Main.main(Main.java:23) [main/:?]
19 Mar 2025 16:53:17,068 INFO  ro.mpp2024.repository.RepositoryDBUser 22 <init> - Initializing CarsDBRepository with properties: {jdbc.url=jdbc:sqlite:C:\Intellij Projects\basket.db} 
19 Mar 2025 16:53:17,077 TRACE ro.mpp2024.repository.RepositoryDBUser 76 save - Enter Saving user ro.mpp2024.domain.User@1ffaf86
19 Mar 2025 16:53:17,077 TRACE ro.mpp2024.repository.JdbcUtils 48 getConnection - Enter
19 Mar 2025 16:53:17,078 TRACE ro.mpp2024.repository.JdbcUtils 26 getNewConnection - Enter
19 Mar 2025 16:53:17,078 INFO  ro.mpp2024.repository.JdbcUtils 31 getNewConnection - trying to connect to database ... jdbc:sqlite:C:\Intellij Projects\basket.db
19 Mar 2025 16:53:17,079 INFO  ro.mpp2024.repository.JdbcUtils 32 getNewConnection - user: null
19 Mar 2025 16:53:17,080 INFO  ro.mpp2024.repository.JdbcUtils 33 getNewConnection - pass: null
19 Mar 2025 16:53:17,356 TRACE ro.mpp2024.repository.JdbcUtils 57 getConnection - Exit with(org.sqlite.jdbc4.JDBC4Connection@6a4f1a55)
19 Mar 2025 16:53:17,364 ERROR ro.mpp2024.repository.RepositoryDBUser 93 save - Error saving user
org.sqlite.SQLiteException: [SQLITE_ERROR] SQL error or missing database (no such table: Users)
	at org.sqlite.core.DB.newSQLException(DB.java:1012) ~[sqlite-jdbc-3.34.0.jar:?]
	at org.sqlite.core.DB.newSQLException(DB.java:1024) ~[sqlite-jdbc-3.34.0.jar:?]
	at org.sqlite.core.DB.throwex(DB.java:989) ~[sqlite-jdbc-3.34.0.jar:?]
	at org.sqlite.core.NativeDB.prepare_utf8(Native Method) ~[sqlite-jdbc-3.34.0.jar:?]
	at org.sqlite.core.NativeDB.prepare(NativeDB.java:134) ~[sqlite-jdbc-3.34.0.jar:?]
	at org.sqlite.core.DB.prepare(DB.java:257) ~[sqlite-jdbc-3.34.0.jar:?]
	at org.sqlite.core.CorePreparedStatement.<init>(CorePreparedStatement.java:45) ~[sqlite-jdbc-3.34.0.jar:?]
	at org.sqlite.jdbc3.JDBC3PreparedStatement.<init>(JDBC3PreparedStatement.java:30) ~[sqlite-jdbc-3.34.0.jar:?]
	at org.sqlite.jdbc4.JDBC4PreparedStatement.<init>(JDBC4PreparedStatement.java:25) ~[sqlite-jdbc-3.34.0.jar:?]
	at org.sqlite.jdbc4.JDBC4Connection.prepareStatement(JDBC4Connection.java:35) ~[sqlite-jdbc-3.34.0.jar:?]
	at org.sqlite.jdbc3.JDBC3Connection.prepareStatement(JDBC3Connection.java:241) ~[sqlite-jdbc-3.34.0.jar:?]
	at org.sqlite.jdbc3.JDBC3Connection.prepareStatement(JDBC3Connection.java:205) ~[sqlite-jdbc-3.34.0.jar:?]
	at org.sqlite.jdbc3.JDBC3Connection.prepareStatement(JDBC3Connection.java:214) ~[sqlite-jdbc-3.34.0.jar:?]
	at ro.mpp2024.repository.RepositoryDBUser.save(RepositoryDBUser.java:78) [main/:?]
	at ro.mpp2024.repository.RepositoryDBUser.save(RepositoryDBUser.java:16) [main/:?]
	at ro.mpp2024.Main.main(Main.java:21) [main/:?]
19 Mar 2025 16:53:17,382 TRACE ro.mpp2024.repository.RepositoryDBUser 52 findAll - Enter Finding all users
19 Mar 2025 16:53:17,382 TRACE ro.mpp2024.repository.JdbcUtils 48 getConnection - Enter
19 Mar 2025 16:53:17,383 TRACE ro.mpp2024.repository.JdbcUtils 57 getConnection - Exit with(org.sqlite.jdbc4.JDBC4Connection@6a4f1a55)
19 Mar 2025 16:53:17,384 ERROR ro.mpp2024.repository.RepositoryDBUser 69 findAll - Error fetching all users
org.sqlite.SQLiteException: [SQLITE_ERROR] SQL error or missing database (no such table: Users)
	at org.sqlite.core.DB.newSQLException(DB.java:1012) ~[sqlite-jdbc-3.34.0.jar:?]
	at org.sqlite.core.DB.newSQLException(DB.java:1024) ~[sqlite-jdbc-3.34.0.jar:?]
	at org.sqlite.core.DB.throwex(DB.java:989) ~[sqlite-jdbc-3.34.0.jar:?]
	at org.sqlite.core.NativeDB.prepare_utf8(Native Method) ~[sqlite-jdbc-3.34.0.jar:?]
	at org.sqlite.core.NativeDB.prepare(NativeDB.java:134) ~[sqlite-jdbc-3.34.0.jar:?]
	at org.sqlite.core.DB.prepare(DB.java:257) ~[sqlite-jdbc-3.34.0.jar:?]
	at org.sqlite.core.CorePreparedStatement.<init>(CorePreparedStatement.java:45) ~[sqlite-jdbc-3.34.0.jar:?]
	at org.sqlite.jdbc3.JDBC3PreparedStatement.<init>(JDBC3PreparedStatement.java:30) ~[sqlite-jdbc-3.34.0.jar:?]
	at org.sqlite.jdbc4.JDBC4PreparedStatement.<init>(JDBC4PreparedStatement.java:25) ~[sqlite-jdbc-3.34.0.jar:?]
	at org.sqlite.jdbc4.JDBC4Connection.prepareStatement(JDBC4Connection.java:35) ~[sqlite-jdbc-3.34.0.jar:?]
	at org.sqlite.jdbc3.JDBC3Connection.prepareStatement(JDBC3Connection.java:241) ~[sqlite-jdbc-3.34.0.jar:?]
	at org.sqlite.jdbc3.JDBC3Connection.prepareStatement(JDBC3Connection.java:205) ~[sqlite-jdbc-3.34.0.jar:?]
	at ro.mpp2024.repository.RepositoryDBUser.findAll(RepositoryDBUser.java:55) [main/:?]
	at ro.mpp2024.Main.main(Main.java:23) [main/:?]
19 Mar 2025 16:54:43,141 INFO  ro.mpp2024.repository.RepositoryDBUser 22 <init> - Initializing CarsDBRepository with properties: {jdbc.url=jdbc:sqlite:C:\Intellij Projects\basket.db} 
19 Mar 2025 16:54:43,156 TRACE ro.mpp2024.repository.RepositoryDBUser 76 save - Enter Saving user ro.mpp2024.domain.User@1ffaf86
19 Mar 2025 16:54:43,156 TRACE ro.mpp2024.repository.JdbcUtils 48 getConnection - Enter
19 Mar 2025 16:54:43,156 TRACE ro.mpp2024.repository.JdbcUtils 26 getNewConnection - Enter
19 Mar 2025 16:54:43,156 INFO  ro.mpp2024.repository.JdbcUtils 31 getNewConnection - trying to connect to database ... jdbc:sqlite:C:\Intellij Projects\basket.db
19 Mar 2025 16:54:43,156 INFO  ro.mpp2024.repository.JdbcUtils 32 getNewConnection - user: null
19 Mar 2025 16:54:43,156 INFO  ro.mpp2024.repository.JdbcUtils 33 getNewConnection - pass: null
19 Mar 2025 16:54:43,470 TRACE ro.mpp2024.repository.JdbcUtils 57 getConnection - Exit with(org.sqlite.jdbc4.JDBC4Connection@6a4f1a55)
19 Mar 2025 16:54:43,470 ERROR ro.mpp2024.repository.RepositoryDBUser 93 save - Error saving user
org.sqlite.SQLiteException: [SQLITE_ERROR] SQL error or missing database (no such table: Users)
	at org.sqlite.core.DB.newSQLException(DB.java:1012) ~[sqlite-jdbc-3.34.0.jar:?]
	at org.sqlite.core.DB.newSQLException(DB.java:1024) ~[sqlite-jdbc-3.34.0.jar:?]
	at org.sqlite.core.DB.throwex(DB.java:989) ~[sqlite-jdbc-3.34.0.jar:?]
	at org.sqlite.core.NativeDB.prepare_utf8(Native Method) ~[sqlite-jdbc-3.34.0.jar:?]
	at org.sqlite.core.NativeDB.prepare(NativeDB.java:134) ~[sqlite-jdbc-3.34.0.jar:?]
	at org.sqlite.core.DB.prepare(DB.java:257) ~[sqlite-jdbc-3.34.0.jar:?]
	at org.sqlite.core.CorePreparedStatement.<init>(CorePreparedStatement.java:45) ~[sqlite-jdbc-3.34.0.jar:?]
	at org.sqlite.jdbc3.JDBC3PreparedStatement.<init>(JDBC3PreparedStatement.java:30) ~[sqlite-jdbc-3.34.0.jar:?]
	at org.sqlite.jdbc4.JDBC4PreparedStatement.<init>(JDBC4PreparedStatement.java:25) ~[sqlite-jdbc-3.34.0.jar:?]
	at org.sqlite.jdbc4.JDBC4Connection.prepareStatement(JDBC4Connection.java:35) ~[sqlite-jdbc-3.34.0.jar:?]
	at org.sqlite.jdbc3.JDBC3Connection.prepareStatement(JDBC3Connection.java:241) ~[sqlite-jdbc-3.34.0.jar:?]
	at org.sqlite.jdbc3.JDBC3Connection.prepareStatement(JDBC3Connection.java:205) ~[sqlite-jdbc-3.34.0.jar:?]
	at org.sqlite.jdbc3.JDBC3Connection.prepareStatement(JDBC3Connection.java:214) ~[sqlite-jdbc-3.34.0.jar:?]
	at ro.mpp2024.repository.RepositoryDBUser.save(RepositoryDBUser.java:78) [main/:?]
	at ro.mpp2024.repository.RepositoryDBUser.save(RepositoryDBUser.java:16) [main/:?]
	at ro.mpp2024.Main.main(Main.java:21) [main/:?]
19 Mar 2025 16:54:43,486 TRACE ro.mpp2024.repository.RepositoryDBUser 52 findAll - Enter Finding all users
19 Mar 2025 16:54:43,486 TRACE ro.mpp2024.repository.JdbcUtils 48 getConnection - Enter
19 Mar 2025 16:54:43,486 TRACE ro.mpp2024.repository.JdbcUtils 57 getConnection - Exit with(org.sqlite.jdbc4.JDBC4Connection@6a4f1a55)
19 Mar 2025 16:54:43,486 ERROR ro.mpp2024.repository.RepositoryDBUser 69 findAll - Error fetching all users
org.sqlite.SQLiteException: [SQLITE_ERROR] SQL error or missing database (no such table: Users)
	at org.sqlite.core.DB.newSQLException(DB.java:1012) ~[sqlite-jdbc-3.34.0.jar:?]
	at org.sqlite.core.DB.newSQLException(DB.java:1024) ~[sqlite-jdbc-3.34.0.jar:?]
	at org.sqlite.core.DB.throwex(DB.java:989) ~[sqlite-jdbc-3.34.0.jar:?]
	at org.sqlite.core.NativeDB.prepare_utf8(Native Method) ~[sqlite-jdbc-3.34.0.jar:?]
	at org.sqlite.core.NativeDB.prepare(NativeDB.java:134) ~[sqlite-jdbc-3.34.0.jar:?]
	at org.sqlite.core.DB.prepare(DB.java:257) ~[sqlite-jdbc-3.34.0.jar:?]
	at org.sqlite.core.CorePreparedStatement.<init>(CorePreparedStatement.java:45) ~[sqlite-jdbc-3.34.0.jar:?]
	at org.sqlite.jdbc3.JDBC3PreparedStatement.<init>(JDBC3PreparedStatement.java:30) ~[sqlite-jdbc-3.34.0.jar:?]
	at org.sqlite.jdbc4.JDBC4PreparedStatement.<init>(JDBC4PreparedStatement.java:25) ~[sqlite-jdbc-3.34.0.jar:?]
	at org.sqlite.jdbc4.JDBC4Connection.prepareStatement(JDBC4Connection.java:35) ~[sqlite-jdbc-3.34.0.jar:?]
	at org.sqlite.jdbc3.JDBC3Connection.prepareStatement(JDBC3Connection.java:241) ~[sqlite-jdbc-3.34.0.jar:?]
	at org.sqlite.jdbc3.JDBC3Connection.prepareStatement(JDBC3Connection.java:205) ~[sqlite-jdbc-3.34.0.jar:?]
	at ro.mpp2024.repository.RepositoryDBUser.findAll(RepositoryDBUser.java:55) [main/:?]
	at ro.mpp2024.Main.main(Main.java:23) [main/:?]
25 Mar 2025 16:17:54,315 INFO  ro.mpp2024.repository.RepositoryDBUser 22 <init> - Initializing CarsDBRepository with properties: {jdbc.url=jdbc:sqlite:C:\Intellij Projects\basket.db} 
25 Mar 2025 16:17:54,346 TRACE ro.mpp2024.repository.RepositoryDBUser 76 save - Enter Saving user ro.mpp2024.domain.User@1ffaf86
25 Mar 2025 16:17:54,346 TRACE ro.mpp2024.repository.JdbcUtils 48 getConnection - Enter
25 Mar 2025 16:17:54,346 TRACE ro.mpp2024.repository.JdbcUtils 26 getNewConnection - Enter
25 Mar 2025 16:17:54,346 INFO  ro.mpp2024.repository.JdbcUtils 31 getNewConnection - trying to connect to database ... jdbc:sqlite:C:\Intellij Projects\basket.db
25 Mar 2025 16:17:54,357 INFO  ro.mpp2024.repository.JdbcUtils 32 getNewConnection - user: null
25 Mar 2025 16:17:54,357 INFO  ro.mpp2024.repository.JdbcUtils 33 getNewConnection - pass: null
25 Mar 2025 16:17:54,707 TRACE ro.mpp2024.repository.JdbcUtils 57 getConnection - Exit with(org.sqlite.jdbc4.JDBC4Connection@6a4f1a55)
25 Mar 2025 16:17:54,723 TRACE ro.mpp2024.repository.RepositoryDBUser 52 findAll - Enter Finding all users
25 Mar 2025 16:17:54,723 TRACE ro.mpp2024.repository.JdbcUtils 48 getConnection - Enter
25 Mar 2025 16:17:54,723 TRACE ro.mpp2024.repository.JdbcUtils 57 getConnection - Exit with(org.sqlite.jdbc4.JDBC4Connection@6a4f1a55)
25 Mar 2025 18:19:52,588 TRACE ro.mpp2024.repository.RepositoryDBUser 51 findAll - Enter Finding all users
25 Mar 2025 18:19:52,594 TRACE ro.mpp2024.repository.JdbcUtils 48 getConnection - Enter
25 Mar 2025 18:19:52,594 TRACE ro.mpp2024.repository.JdbcUtils 26 getNewConnection - Enter
25 Mar 2025 18:19:52,596 INFO  ro.mpp2024.repository.JdbcUtils 31 getNewConnection - trying to connect to database ... jdbc:sqlite:C:\Intellij Projects\basket.db
25 Mar 2025 18:19:52,598 INFO  ro.mpp2024.repository.JdbcUtils 32 getNewConnection - user: null
25 Mar 2025 18:19:52,598 INFO  ro.mpp2024.repository.JdbcUtils 33 getNewConnection - pass: null
25 Mar 2025 18:19:52,938 TRACE ro.mpp2024.repository.JdbcUtils 57 getConnection - Exit with(org.sqlite.jdbc4.JDBC4Connection@38c71405)
25 Mar 2025 18:28:56,656 TRACE ro.mpp2024.repository.RepositoryDBUser 51 findAll - Enter Finding all users
25 Mar 2025 18:28:56,663 TRACE ro.mpp2024.repository.JdbcUtils 48 getConnection - Enter
25 Mar 2025 18:28:56,663 TRACE ro.mpp2024.repository.JdbcUtils 26 getNewConnection - Enter
25 Mar 2025 18:28:56,666 INFO  ro.mpp2024.repository.JdbcUtils 31 getNewConnection - trying to connect to database ... jdbc:sqlite:C:\Intellij Projects\basket.db
25 Mar 2025 18:28:56,667 INFO  ro.mpp2024.repository.JdbcUtils 32 getNewConnection - user: null
25 Mar 2025 18:28:56,668 INFO  ro.mpp2024.repository.JdbcUtils 33 getNewConnection - pass: null
25 Mar 2025 18:28:57,024 TRACE ro.mpp2024.repository.JdbcUtils 57 getConnection - Exit with(org.sqlite.jdbc4.JDBC4Connection@2ad0fddb)
25 Mar 2025 18:28:59,753 TRACE ro.mpp2024.repository.RepositoryDBGame 148 findByTypeOrderedByDate - Enter Finding games by type SEMIFINAL ordered by date
25 Mar 2025 18:28:59,754 TRACE ro.mpp2024.repository.JdbcUtils 48 getConnection - Enter
25 Mar 2025 18:28:59,754 TRACE ro.mpp2024.repository.JdbcUtils 57 getConnection - Exit with(org.sqlite.jdbc4.JDBC4Connection@2ad0fddb)
25 Mar 2025 18:29:02,377 TRACE ro.mpp2024.repository.RepositoryDBGame 148 findByTypeOrderedByDate - Enter Finding games by type PLAYOFF ordered by date
25 Mar 2025 18:29:02,379 TRACE ro.mpp2024.repository.JdbcUtils 48 getConnection - Enter
25 Mar 2025 18:29:02,379 TRACE ro.mpp2024.repository.JdbcUtils 57 getConnection - Exit with(org.sqlite.jdbc4.JDBC4Connection@2ad0fddb)
25 Mar 2025 18:29:03,809 TRACE ro.mpp2024.repository.RepositoryDBGame 148 findByTypeOrderedByDate - Enter Finding games by type SEMIFINAL ordered by date
25 Mar 2025 18:29:03,810 TRACE ro.mpp2024.repository.JdbcUtils 48 getConnection - Enter
25 Mar 2025 18:29:03,810 TRACE ro.mpp2024.repository.JdbcUtils 57 getConnection - Exit with(org.sqlite.jdbc4.JDBC4Connection@2ad0fddb)
25 Mar 2025 18:29:05,225 TRACE ro.mpp2024.repository.RepositoryDBGame 148 findByTypeOrderedByDate - Enter Finding games by type FINAL ordered by date
25 Mar 2025 18:29:05,226 TRACE ro.mpp2024.repository.JdbcUtils 48 getConnection - Enter
25 Mar 2025 18:29:05,226 TRACE ro.mpp2024.repository.JdbcUtils 57 getConnection - Exit with(org.sqlite.jdbc4.JDBC4Connection@2ad0fddb)
25 Mar 2025 18:29:06,706 TRACE ro.mpp2024.repository.RepositoryDBGame 148 findByTypeOrderedByDate - Enter Finding games by type PLAYOFF ordered by date
25 Mar 2025 18:29:06,707 TRACE ro.mpp2024.repository.JdbcUtils 48 getConnection - Enter
25 Mar 2025 18:29:06,707 TRACE ro.mpp2024.repository.JdbcUtils 57 getConnection - Exit with(org.sqlite.jdbc4.JDBC4Connection@2ad0fddb)
25 Mar 2025 18:29:08,426 TRACE ro.mpp2024.repository.RepositoryDBGame 148 findByTypeOrderedByDate - Enter Finding games by type REGULAR ordered by date
25 Mar 2025 18:29:08,427 TRACE ro.mpp2024.repository.JdbcUtils 48 getConnection - Enter
25 Mar 2025 18:29:08,427 TRACE ro.mpp2024.repository.JdbcUtils 57 getConnection - Exit with(org.sqlite.jdbc4.JDBC4Connection@2ad0fddb)
25 Mar 2025 18:31:17,833 TRACE ro.mpp2024.repository.RepositoryDBUser 51 findAll - Enter Finding all users
25 Mar 2025 18:31:17,841 TRACE ro.mpp2024.repository.JdbcUtils 48 getConnection - Enter
25 Mar 2025 18:31:17,842 TRACE ro.mpp2024.repository.JdbcUtils 26 getNewConnection - Enter
25 Mar 2025 18:31:17,846 INFO  ro.mpp2024.repository.JdbcUtils 31 getNewConnection - trying to connect to database ... jdbc:sqlite:C:\Intellij Projects\basket.db
25 Mar 2025 18:31:17,848 INFO  ro.mpp2024.repository.JdbcUtils 32 getNewConnection - user: null
25 Mar 2025 18:31:17,848 INFO  ro.mpp2024.repository.JdbcUtils 33 getNewConnection - pass: null
25 Mar 2025 18:31:18,155 TRACE ro.mpp2024.repository.JdbcUtils 57 getConnection - Exit with(org.sqlite.jdbc4.JDBC4Connection@76edde7e)
25 Mar 2025 18:31:49,291 TRACE ro.mpp2024.repository.RepositoryDBUser 51 findAll - Enter Finding all users
25 Mar 2025 18:31:49,292 TRACE ro.mpp2024.repository.JdbcUtils 48 getConnection - Enter
25 Mar 2025 18:31:49,292 TRACE ro.mpp2024.repository.JdbcUtils 57 getConnection - Exit with(org.sqlite.jdbc4.JDBC4Connection@76edde7e)
25 Mar 2025 18:31:49,295 TRACE ro.mpp2024.repository.RepositoryDBUser 75 save - Enter Saving user ro.mpp2024.domain.User@34298563
25 Mar 2025 18:31:49,296 TRACE ro.mpp2024.repository.JdbcUtils 48 getConnection - Enter
25 Mar 2025 18:31:49,296 TRACE ro.mpp2024.repository.JdbcUtils 57 getConnection - Exit with(org.sqlite.jdbc4.JDBC4Connection@76edde7e)
25 Mar 2025 18:32:01,991 TRACE ro.mpp2024.repository.RepositoryDBUser 51 findAll - Enter Finding all users
25 Mar 2025 18:32:01,991 TRACE ro.mpp2024.repository.JdbcUtils 48 getConnection - Enter
25 Mar 2025 18:32:01,992 TRACE ro.mpp2024.repository.JdbcUtils 57 getConnection - Exit with(org.sqlite.jdbc4.JDBC4Connection@76edde7e)
25 Mar 2025 18:43:44,394 TRACE ro.mpp2024.repository.RepositoryDBUser 51 findAll - Enter Finding all users
25 Mar 2025 18:43:44,400 TRACE ro.mpp2024.repository.JdbcUtils 48 getConnection - Enter
25 Mar 2025 18:43:44,400 TRACE ro.mpp2024.repository.JdbcUtils 26 getNewConnection - Enter
25 Mar 2025 18:43:44,402 INFO  ro.mpp2024.repository.JdbcUtils 31 getNewConnection - trying to connect to database ... jdbc:sqlite:C:\Intellij Projects\basket.db
25 Mar 2025 18:43:44,404 INFO  ro.mpp2024.repository.JdbcUtils 32 getNewConnection - user: null
25 Mar 2025 18:43:44,404 INFO  ro.mpp2024.repository.JdbcUtils 33 getNewConnection - pass: null
25 Mar 2025 18:43:44,908 TRACE ro.mpp2024.repository.JdbcUtils 57 getConnection - Exit with(org.sqlite.jdbc4.JDBC4Connection@6108a0f0)
25 Mar 2025 18:43:47,474 TRACE ro.mpp2024.repository.RepositoryDBGame 148 findByTypeOrderedByDate - Enter Finding games by type SEMIFINAL ordered by date
25 Mar 2025 18:43:47,475 TRACE ro.mpp2024.repository.JdbcUtils 48 getConnection - Enter
25 Mar 2025 18:43:47,475 TRACE ro.mpp2024.repository.JdbcUtils 57 getConnection - Exit with(org.sqlite.jdbc4.JDBC4Connection@6108a0f0)
25 Mar 2025 18:44:16,989 TRACE ro.mpp2024.repository.RepositoryDBUser 51 findAll - Enter Finding all users
25 Mar 2025 18:44:16,994 TRACE ro.mpp2024.repository.JdbcUtils 48 getConnection - Enter
25 Mar 2025 18:44:16,994 TRACE ro.mpp2024.repository.JdbcUtils 26 getNewConnection - Enter
25 Mar 2025 18:44:16,996 INFO  ro.mpp2024.repository.JdbcUtils 31 getNewConnection - trying to connect to database ... jdbc:sqlite:C:\Intellij Projects\basket.db
25 Mar 2025 18:44:16,997 INFO  ro.mpp2024.repository.JdbcUtils 32 getNewConnection - user: null
25 Mar 2025 18:44:16,998 INFO  ro.mpp2024.repository.JdbcUtils 33 getNewConnection - pass: null
25 Mar 2025 18:44:17,203 TRACE ro.mpp2024.repository.JdbcUtils 57 getConnection - Exit with(org.sqlite.jdbc4.JDBC4Connection@3932a350)
25 Mar 2025 18:44:19,439 TRACE ro.mpp2024.repository.RepositoryDBGame 148 findByTypeOrderedByDate - Enter Finding games by type SEMIFINAL ordered by date
25 Mar 2025 18:44:19,449 TRACE ro.mpp2024.repository.JdbcUtils 48 getConnection - Enter
25 Mar 2025 18:44:19,449 TRACE ro.mpp2024.repository.JdbcUtils 57 getConnection - Exit with(org.sqlite.jdbc4.JDBC4Connection@3932a350)
25 Mar 2025 18:44:39,264 TRACE ro.mpp2024.repository.RepositoryDBGame 26 findOne - Enter Finding game by id 3
25 Mar 2025 18:44:39,265 TRACE ro.mpp2024.repository.JdbcUtils 48 getConnection - Enter
25 Mar 2025 18:44:39,265 TRACE ro.mpp2024.repository.JdbcUtils 57 getConnection - Exit with(org.sqlite.jdbc4.JDBC4Connection@3932a350)
25 Mar 2025 18:44:39,267 TRACE ro.mpp2024.repository.RepositoryDBGame 125 update - Enter Updating game ro.mpp2024.domain.Game@18150f56
25 Mar 2025 18:44:39,268 TRACE ro.mpp2024.repository.JdbcUtils 48 getConnection - Enter
25 Mar 2025 18:44:39,268 TRACE ro.mpp2024.repository.JdbcUtils 57 getConnection - Exit with(org.sqlite.jdbc4.JDBC4Connection@3932a350)
25 Mar 2025 18:44:39,276 TRACE ro.mpp2024.repository.RepositoryDBPurchase 75 save - Enter Saving purchase ro.mpp2024.domain.Purchase@25e58d06
25 Mar 2025 18:44:39,277 TRACE ro.mpp2024.repository.JdbcUtils 48 getConnection - Enter
25 Mar 2025 18:44:39,277 TRACE ro.mpp2024.repository.JdbcUtils 57 getConnection - Exit with(org.sqlite.jdbc4.JDBC4Connection@3932a350)
25 Mar 2025 18:44:46,330 TRACE ro.mpp2024.repository.RepositoryDBGame 148 findByTypeOrderedByDate - Enter Finding games by type FINAL ordered by date
25 Mar 2025 18:44:46,331 TRACE ro.mpp2024.repository.JdbcUtils 48 getConnection - Enter
25 Mar 2025 18:44:46,331 TRACE ro.mpp2024.repository.JdbcUtils 57 getConnection - Exit with(org.sqlite.jdbc4.JDBC4Connection@3932a350)
25 Mar 2025 18:44:47,482 TRACE ro.mpp2024.repository.RepositoryDBGame 148 findByTypeOrderedByDate - Enter Finding games by type SEMIFINAL ordered by date
25 Mar 2025 18:44:47,482 TRACE ro.mpp2024.repository.JdbcUtils 48 getConnection - Enter
25 Mar 2025 18:44:47,483 TRACE ro.mpp2024.repository.JdbcUtils 57 getConnection - Exit with(org.sqlite.jdbc4.JDBC4Connection@3932a350)
25 Mar 2025 18:50:11,930 TRACE ro.mpp2024.repository.RepositoryDBUser 51 findAll - Enter Finding all users
25 Mar 2025 18:50:11,936 TRACE ro.mpp2024.repository.JdbcUtils 48 getConnection - Enter
25 Mar 2025 18:50:11,937 TRACE ro.mpp2024.repository.JdbcUtils 26 getNewConnection - Enter
25 Mar 2025 18:50:11,940 INFO  ro.mpp2024.repository.JdbcUtils 31 getNewConnection - trying to connect to database ... jdbc:sqlite:C:\Intellij Projects\basket.db
25 Mar 2025 18:50:11,942 INFO  ro.mpp2024.repository.JdbcUtils 32 getNewConnection - user: null
25 Mar 2025 18:50:11,942 INFO  ro.mpp2024.repository.JdbcUtils 33 getNewConnection - pass: null
25 Mar 2025 18:50:12,228 TRACE ro.mpp2024.repository.JdbcUtils 57 getConnection - Exit with(org.sqlite.jdbc4.JDBC4Connection@30a20c41)
25 Mar 2025 18:59:12,193 TRACE ro.mpp2024.repository.RepositoryDBUser 51 findAll - Enter Finding all users
25 Mar 2025 18:59:12,201 TRACE ro.mpp2024.repository.JdbcUtils 48 getConnection - Enter
25 Mar 2025 18:59:12,201 TRACE ro.mpp2024.repository.JdbcUtils 26 getNewConnection - Enter
25 Mar 2025 18:59:12,204 INFO  ro.mpp2024.repository.JdbcUtils 31 getNewConnection - trying to connect to database ... jdbc:sqlite:C:\Intellij Projects\basket.db
25 Mar 2025 18:59:12,206 INFO  ro.mpp2024.repository.JdbcUtils 32 getNewConnection - user: null
25 Mar 2025 18:59:12,206 INFO  ro.mpp2024.repository.JdbcUtils 33 getNewConnection - pass: null
25 Mar 2025 18:59:12,536 TRACE ro.mpp2024.repository.JdbcUtils 57 getConnection - Exit with(org.sqlite.jdbc4.JDBC4Connection@59f9ae5e)
25 Mar 2025 19:01:30,269 TRACE ro.mpp2024.repository.RepositoryDBUser 51 findAll - Enter Finding all users
25 Mar 2025 19:01:30,273 TRACE ro.mpp2024.repository.JdbcUtils 48 getConnection - Enter
25 Mar 2025 19:01:30,274 TRACE ro.mpp2024.repository.JdbcUtils 26 getNewConnection - Enter
25 Mar 2025 19:01:30,275 INFO  ro.mpp2024.repository.JdbcUtils 31 getNewConnection - trying to connect to database ... jdbc:sqlite:C:\Intellij Projects\basket.db
25 Mar 2025 19:01:30,277 INFO  ro.mpp2024.repository.JdbcUtils 32 getNewConnection - user: null
25 Mar 2025 19:01:30,278 INFO  ro.mpp2024.repository.JdbcUtils 33 getNewConnection - pass: null
25 Mar 2025 19:01:30,528 TRACE ro.mpp2024.repository.JdbcUtils 57 getConnection - Exit with(org.sqlite.jdbc4.JDBC4Connection@30a20c41)
25 Mar 2025 19:01:39,496 TRACE ro.mpp2024.repository.RepositoryDBGame 148 findByTypeOrderedByDate - Enter Finding games by type SEMIFINAL ordered by date
25 Mar 2025 19:01:39,497 TRACE ro.mpp2024.repository.JdbcUtils 48 getConnection - Enter
25 Mar 2025 19:01:39,497 TRACE ro.mpp2024.repository.JdbcUtils 57 getConnection - Exit with(org.sqlite.jdbc4.JDBC4Connection@30a20c41)
25 Mar 2025 19:01:43,150 TRACE ro.mpp2024.repository.RepositoryDBGame 148 findByTypeOrderedByDate - Enter Finding games by type FINAL ordered by date
25 Mar 2025 19:01:43,150 TRACE ro.mpp2024.repository.JdbcUtils 48 getConnection - Enter
25 Mar 2025 19:01:43,150 TRACE ro.mpp2024.repository.JdbcUtils 57 getConnection - Exit with(org.sqlite.jdbc4.JDBC4Connection@30a20c41)
25 Mar 2025 19:01:49,967 TRACE ro.mpp2024.repository.RepositoryDBGame 148 findByTypeOrderedByDate - Enter Finding games by type SEMIFINAL ordered by date
25 Mar 2025 19:01:49,968 TRACE ro.mpp2024.repository.JdbcUtils 48 getConnection - Enter
25 Mar 2025 19:01:49,968 TRACE ro.mpp2024.repository.JdbcUtils 57 getConnection - Exit with(org.sqlite.jdbc4.JDBC4Connection@30a20c41)
25 Mar 2025 19:02:49,622 TRACE ro.mpp2024.repository.RepositoryDBUser 51 findAll - Enter Finding all users
25 Mar 2025 19:02:49,626 TRACE ro.mpp2024.repository.JdbcUtils 48 getConnection - Enter
25 Mar 2025 19:02:49,627 TRACE ro.mpp2024.repository.JdbcUtils 26 getNewConnection - Enter
25 Mar 2025 19:02:49,629 INFO  ro.mpp2024.repository.JdbcUtils 31 getNewConnection - trying to connect to database ... jdbc:sqlite:C:\Intellij Projects\basket.db
25 Mar 2025 19:02:49,630 INFO  ro.mpp2024.repository.JdbcUtils 32 getNewConnection - user: null
25 Mar 2025 19:02:49,631 INFO  ro.mpp2024.repository.JdbcUtils 33 getNewConnection - pass: null
25 Mar 2025 19:02:49,868 TRACE ro.mpp2024.repository.JdbcUtils 57 getConnection - Exit with(org.sqlite.jdbc4.JDBC4Connection@3ca9be9f)
25 Mar 2025 19:04:09,821 TRACE ro.mpp2024.repository.RepositoryDBUser 51 findAll - Enter Finding all users
25 Mar 2025 19:04:09,826 TRACE ro.mpp2024.repository.JdbcUtils 48 getConnection - Enter
25 Mar 2025 19:04:09,826 TRACE ro.mpp2024.repository.JdbcUtils 26 getNewConnection - Enter
25 Mar 2025 19:04:09,828 INFO  ro.mpp2024.repository.JdbcUtils 31 getNewConnection - trying to connect to database ... jdbc:sqlite:C:\Intellij Projects\basket.db
25 Mar 2025 19:04:09,830 INFO  ro.mpp2024.repository.JdbcUtils 32 getNewConnection - user: null
25 Mar 2025 19:04:09,830 INFO  ro.mpp2024.repository.JdbcUtils 33 getNewConnection - pass: null
25 Mar 2025 19:04:10,061 TRACE ro.mpp2024.repository.JdbcUtils 57 getConnection - Exit with(org.sqlite.jdbc4.JDBC4Connection@2ad0fddb)
25 Mar 2025 19:05:45,753 TRACE ro.mpp2024.repository.RepositoryDBUser 51 findAll - Enter Finding all users
25 Mar 2025 19:05:45,760 TRACE ro.mpp2024.repository.JdbcUtils 48 getConnection - Enter
25 Mar 2025 19:05:45,761 TRACE ro.mpp2024.repository.JdbcUtils 26 getNewConnection - Enter
25 Mar 2025 19:05:45,764 INFO  ro.mpp2024.repository.JdbcUtils 31 getNewConnection - trying to connect to database ... jdbc:sqlite:C:\Intellij Projects\basket.db
25 Mar 2025 19:05:45,766 INFO  ro.mpp2024.repository.JdbcUtils 32 getNewConnection - user: null
25 Mar 2025 19:05:45,766 INFO  ro.mpp2024.repository.JdbcUtils 33 getNewConnection - pass: null
25 Mar 2025 19:05:46,018 TRACE ro.mpp2024.repository.JdbcUtils 57 getConnection - Exit with(org.sqlite.jdbc4.JDBC4Connection@30a20c41)
25 Mar 2025 19:05:56,953 TRACE ro.mpp2024.repository.RepositoryDBGame 148 findByTypeOrderedByDate - Enter Finding games by type SEMIFINAL ordered by date
25 Mar 2025 19:05:56,954 TRACE ro.mpp2024.repository.JdbcUtils 48 getConnection - Enter
25 Mar 2025 19:05:56,954 TRACE ro.mpp2024.repository.JdbcUtils 57 getConnection - Exit with(org.sqlite.jdbc4.JDBC4Connection@30a20c41)
25 Mar 2025 19:07:32,763 TRACE ro.mpp2024.repository.RepositoryDBUser 51 findAll - Enter Finding all users
25 Mar 2025 19:07:32,768 TRACE ro.mpp2024.repository.JdbcUtils 48 getConnection - Enter
25 Mar 2025 19:07:32,768 TRACE ro.mpp2024.repository.JdbcUtils 26 getNewConnection - Enter
25 Mar 2025 19:07:32,771 INFO  ro.mpp2024.repository.JdbcUtils 31 getNewConnection - trying to connect to database ... jdbc:sqlite:C:\Intellij Projects\basket.db
25 Mar 2025 19:07:32,773 INFO  ro.mpp2024.repository.JdbcUtils 32 getNewConnection - user: null
25 Mar 2025 19:07:32,773 INFO  ro.mpp2024.repository.JdbcUtils 33 getNewConnection - pass: null
25 Mar 2025 19:07:33,021 TRACE ro.mpp2024.repository.JdbcUtils 57 getConnection - Exit with(org.sqlite.jdbc4.JDBC4Connection@59f9ae5e)
25 Mar 2025 19:07:35,224 TRACE ro.mpp2024.repository.RepositoryDBGame 148 findByTypeOrderedByDate - Enter Finding games by type QUARTERFINAL ordered by date
25 Mar 2025 19:07:35,225 TRACE ro.mpp2024.repository.JdbcUtils 48 getConnection - Enter
25 Mar 2025 19:07:35,225 TRACE ro.mpp2024.repository.JdbcUtils 57 getConnection - Exit with(org.sqlite.jdbc4.JDBC4Connection@59f9ae5e)
25 Mar 2025 19:07:36,342 TRACE ro.mpp2024.repository.RepositoryDBGame 148 findByTypeOrderedByDate - Enter Finding games by type SEMIFINAL ordered by date
25 Mar 2025 19:07:36,343 TRACE ro.mpp2024.repository.JdbcUtils 48 getConnection - Enter
25 Mar 2025 19:07:36,343 TRACE ro.mpp2024.repository.JdbcUtils 57 getConnection - Exit with(org.sqlite.jdbc4.JDBC4Connection@59f9ae5e)
25 Mar 2025 19:09:04,671 TRACE ro.mpp2024.repository.RepositoryDBUser 51 findAll - Enter Finding all users
25 Mar 2025 19:09:04,676 TRACE ro.mpp2024.repository.JdbcUtils 48 getConnection - Enter
25 Mar 2025 19:09:04,676 TRACE ro.mpp2024.repository.JdbcUtils 26 getNewConnection - Enter
25 Mar 2025 19:09:04,679 INFO  ro.mpp2024.repository.JdbcUtils 31 getNewConnection - trying to connect to database ... jdbc:sqlite:C:\Intellij Projects\basket.db
25 Mar 2025 19:09:04,680 INFO  ro.mpp2024.repository.JdbcUtils 32 getNewConnection - user: null
25 Mar 2025 19:09:04,681 INFO  ro.mpp2024.repository.JdbcUtils 33 getNewConnection - pass: null
25 Mar 2025 19:09:04,920 TRACE ro.mpp2024.repository.JdbcUtils 57 getConnection - Exit with(org.sqlite.jdbc4.JDBC4Connection@30a20c41)
25 Mar 2025 19:09:07,712 TRACE ro.mpp2024.repository.RepositoryDBGame 148 findByTypeOrderedByDate - Enter Finding games by type SEMIFINAL ordered by date
25 Mar 2025 19:09:07,712 TRACE ro.mpp2024.repository.JdbcUtils 48 getConnection - Enter
25 Mar 2025 19:09:07,713 TRACE ro.mpp2024.repository.JdbcUtils 57 getConnection - Exit with(org.sqlite.jdbc4.JDBC4Connection@30a20c41)
25 Mar 2025 19:10:07,231 TRACE ro.mpp2024.repository.RepositoryDBUser 51 findAll - Enter Finding all users
25 Mar 2025 19:10:07,236 TRACE ro.mpp2024.repository.JdbcUtils 48 getConnection - Enter
25 Mar 2025 19:10:07,236 TRACE ro.mpp2024.repository.JdbcUtils 26 getNewConnection - Enter
25 Mar 2025 19:10:07,239 INFO  ro.mpp2024.repository.JdbcUtils 31 getNewConnection - trying to connect to database ... jdbc:sqlite:C:\Intellij Projects\basket.db
25 Mar 2025 19:10:07,240 INFO  ro.mpp2024.repository.JdbcUtils 32 getNewConnection - user: null
25 Mar 2025 19:10:07,241 INFO  ro.mpp2024.repository.JdbcUtils 33 getNewConnection - pass: null
25 Mar 2025 19:10:07,445 TRACE ro.mpp2024.repository.JdbcUtils 57 getConnection - Exit with(org.sqlite.jdbc4.JDBC4Connection@59f9ae5e)
25 Mar 2025 19:10:09,689 TRACE ro.mpp2024.repository.RepositoryDBGame 148 findByTypeOrderedByDate - Enter Finding games by type SEMIFINAL ordered by date
25 Mar 2025 19:10:09,690 TRACE ro.mpp2024.repository.JdbcUtils 48 getConnection - Enter
25 Mar 2025 19:10:09,690 TRACE ro.mpp2024.repository.JdbcUtils 57 getConnection - Exit with(org.sqlite.jdbc4.JDBC4Connection@59f9ae5e)
25 Mar 2025 19:11:46,879 TRACE ro.mpp2024.repository.RepositoryDBUser 51 findAll - Enter Finding all users
25 Mar 2025 19:11:46,884 TRACE ro.mpp2024.repository.JdbcUtils 48 getConnection - Enter
25 Mar 2025 19:11:46,885 TRACE ro.mpp2024.repository.JdbcUtils 26 getNewConnection - Enter
25 Mar 2025 19:11:46,887 INFO  ro.mpp2024.repository.JdbcUtils 31 getNewConnection - trying to connect to database ... jdbc:sqlite:C:\Intellij Projects\basket.db
25 Mar 2025 19:11:46,889 INFO  ro.mpp2024.repository.JdbcUtils 32 getNewConnection - user: null
25 Mar 2025 19:11:46,890 INFO  ro.mpp2024.repository.JdbcUtils 33 getNewConnection - pass: null
25 Mar 2025 19:11:47,122 TRACE ro.mpp2024.repository.JdbcUtils 57 getConnection - Exit with(org.sqlite.jdbc4.JDBC4Connection@38c71405)
25 Mar 2025 19:11:49,089 TRACE ro.mpp2024.repository.RepositoryDBGame 148 findByTypeOrderedByDate - Enter Finding games by type SEMIFINAL ordered by date
25 Mar 2025 19:11:49,089 TRACE ro.mpp2024.repository.JdbcUtils 48 getConnection - Enter
25 Mar 2025 19:11:49,090 TRACE ro.mpp2024.repository.JdbcUtils 57 getConnection - Exit with(org.sqlite.jdbc4.JDBC4Connection@38c71405)
25 Mar 2025 19:12:19,108 TRACE ro.mpp2024.repository.RepositoryDBUser 51 findAll - Enter Finding all users
25 Mar 2025 19:12:19,113 TRACE ro.mpp2024.repository.JdbcUtils 48 getConnection - Enter
25 Mar 2025 19:12:19,113 TRACE ro.mpp2024.repository.JdbcUtils 26 getNewConnection - Enter
25 Mar 2025 19:12:19,116 INFO  ro.mpp2024.repository.JdbcUtils 31 getNewConnection - trying to connect to database ... jdbc:sqlite:C:\Intellij Projects\basket.db
25 Mar 2025 19:12:19,117 INFO  ro.mpp2024.repository.JdbcUtils 32 getNewConnection - user: null
25 Mar 2025 19:12:19,118 INFO  ro.mpp2024.repository.JdbcUtils 33 getNewConnection - pass: null
25 Mar 2025 19:12:19,319 TRACE ro.mpp2024.repository.JdbcUtils 57 getConnection - Exit with(org.sqlite.jdbc4.JDBC4Connection@25cd82a9)
25 Mar 2025 19:12:21,742 TRACE ro.mpp2024.repository.RepositoryDBGame 148 findByTypeOrderedByDate - Enter Finding games by type SEMIFINAL ordered by date
25 Mar 2025 19:12:21,743 TRACE ro.mpp2024.repository.JdbcUtils 48 getConnection - Enter
25 Mar 2025 19:12:21,743 TRACE ro.mpp2024.repository.JdbcUtils 57 getConnection - Exit with(org.sqlite.jdbc4.JDBC4Connection@25cd82a9)
25 Mar 2025 19:13:41,288 TRACE ro.mpp2024.repository.RepositoryDBUser 51 findAll - Enter Finding all users
25 Mar 2025 19:13:41,293 TRACE ro.mpp2024.repository.JdbcUtils 48 getConnection - Enter
25 Mar 2025 19:13:41,294 TRACE ro.mpp2024.repository.JdbcUtils 26 getNewConnection - Enter
25 Mar 2025 19:13:41,296 INFO  ro.mpp2024.repository.JdbcUtils 31 getNewConnection - trying to connect to database ... jdbc:sqlite:C:\Intellij Projects\basket.db
25 Mar 2025 19:13:41,297 INFO  ro.mpp2024.repository.JdbcUtils 32 getNewConnection - user: null
25 Mar 2025 19:13:41,297 INFO  ro.mpp2024.repository.JdbcUtils 33 getNewConnection - pass: null
25 Mar 2025 19:13:41,555 TRACE ro.mpp2024.repository.JdbcUtils 57 getConnection - Exit with(org.sqlite.jdbc4.JDBC4Connection@16b11e01)
25 Mar 2025 19:13:43,323 TRACE ro.mpp2024.repository.RepositoryDBGame 148 findByTypeOrderedByDate - Enter Finding games by type SEMIFINAL ordered by date
25 Mar 2025 19:13:43,324 TRACE ro.mpp2024.repository.JdbcUtils 48 getConnection - Enter
25 Mar 2025 19:13:43,324 TRACE ro.mpp2024.repository.JdbcUtils 57 getConnection - Exit with(org.sqlite.jdbc4.JDBC4Connection@16b11e01)
25 Mar 2025 20:19:12,415 TRACE ro.mpp2024.repository.RepositoryDBUser 51 findAll - Enter Finding all users
25 Mar 2025 20:19:12,422 TRACE ro.mpp2024.repository.JdbcUtils 48 getConnection - Enter
25 Mar 2025 20:19:12,422 TRACE ro.mpp2024.repository.JdbcUtils 26 getNewConnection - Enter
25 Mar 2025 20:19:12,425 INFO  ro.mpp2024.repository.JdbcUtils 31 getNewConnection - trying to connect to database ... jdbc:sqlite:C:\Intellij Projects\basket.db
25 Mar 2025 20:19:12,427 INFO  ro.mpp2024.repository.JdbcUtils 32 getNewConnection - user: null
25 Mar 2025 20:19:12,427 INFO  ro.mpp2024.repository.JdbcUtils 33 getNewConnection - pass: null
25 Mar 2025 20:19:13,006 TRACE ro.mpp2024.repository.JdbcUtils 57 getConnection - Exit with(org.sqlite.jdbc4.JDBC4Connection@21be242e)
25 Mar 2025 20:19:17,415 TRACE ro.mpp2024.repository.RepositoryDBGame 148 findByTypeOrderedByDate - Enter Finding games by type SEMIFINAL ordered by date
25 Mar 2025 20:19:17,416 TRACE ro.mpp2024.repository.JdbcUtils 48 getConnection - Enter
25 Mar 2025 20:19:17,416 TRACE ro.mpp2024.repository.JdbcUtils 57 getConnection - Exit with(org.sqlite.jdbc4.JDBC4Connection@21be242e)
25 Mar 2025 20:19:20,631 TRACE ro.mpp2024.repository.RepositoryDBGame 148 findByTypeOrderedByDate - Enter Finding games by type FINAL ordered by date
25 Mar 2025 20:19:20,632 TRACE ro.mpp2024.repository.JdbcUtils 48 getConnection - Enter
25 Mar 2025 20:19:20,632 TRACE ro.mpp2024.repository.JdbcUtils 57 getConnection - Exit with(org.sqlite.jdbc4.JDBC4Connection@21be242e)
25 Mar 2025 20:19:22,015 TRACE ro.mpp2024.repository.RepositoryDBGame 148 findByTypeOrderedByDate - Enter Finding games by type SEMIFINAL ordered by date
25 Mar 2025 20:19:22,016 TRACE ro.mpp2024.repository.JdbcUtils 48 getConnection - Enter
25 Mar 2025 20:19:22,016 TRACE ro.mpp2024.repository.JdbcUtils 57 getConnection - Exit with(org.sqlite.jdbc4.JDBC4Connection@21be242e)
25 Mar 2025 20:20:08,975 TRACE ro.mpp2024.repository.RepositoryDBGame 26 findOne - Enter Finding game by id 2
25 Mar 2025 20:20:08,975 TRACE ro.mpp2024.repository.JdbcUtils 48 getConnection - Enter
25 Mar 2025 20:20:08,976 TRACE ro.mpp2024.repository.JdbcUtils 57 getConnection - Exit with(org.sqlite.jdbc4.JDBC4Connection@21be242e)
25 Mar 2025 20:20:08,977 TRACE ro.mpp2024.repository.RepositoryDBGame 125 update - Enter Updating game ro.mpp2024.domain.Game@518bff0c
25 Mar 2025 20:20:08,978 TRACE ro.mpp2024.repository.JdbcUtils 48 getConnection - Enter
25 Mar 2025 20:20:08,978 TRACE ro.mpp2024.repository.JdbcUtils 57 getConnection - Exit with(org.sqlite.jdbc4.JDBC4Connection@21be242e)
25 Mar 2025 20:20:08,986 TRACE ro.mpp2024.repository.RepositoryDBPurchase 75 save - Enter Saving purchase ro.mpp2024.domain.Purchase@840b319
25 Mar 2025 20:20:08,987 TRACE ro.mpp2024.repository.JdbcUtils 48 getConnection - Enter
25 Mar 2025 20:20:08,987 TRACE ro.mpp2024.repository.JdbcUtils 57 getConnection - Exit with(org.sqlite.jdbc4.JDBC4Connection@21be242e)
25 Mar 2025 20:20:17,151 TRACE ro.mpp2024.repository.RepositoryDBGame 148 findByTypeOrderedByDate - Enter Finding games by type FINAL ordered by date
25 Mar 2025 20:20:17,152 TRACE ro.mpp2024.repository.JdbcUtils 48 getConnection - Enter
25 Mar 2025 20:20:17,152 TRACE ro.mpp2024.repository.JdbcUtils 57 getConnection - Exit with(org.sqlite.jdbc4.JDBC4Connection@21be242e)
25 Mar 2025 20:20:18,287 TRACE ro.mpp2024.repository.RepositoryDBGame 148 findByTypeOrderedByDate - Enter Finding games by type SEMIFINAL ordered by date
25 Mar 2025 20:20:18,288 TRACE ro.mpp2024.repository.JdbcUtils 48 getConnection - Enter
25 Mar 2025 20:20:18,288 TRACE ro.mpp2024.repository.JdbcUtils 57 getConnection - Exit with(org.sqlite.jdbc4.JDBC4Connection@21be242e)
25 Mar 2025 20:26:57,525 TRACE ro.mpp2024.repository.RepositoryDBUser 51 findAll - Enter Finding all users
25 Mar 2025 20:26:57,535 TRACE ro.mpp2024.repository.JdbcUtils 48 getConnection - Enter
25 Mar 2025 20:26:57,536 TRACE ro.mpp2024.repository.JdbcUtils 26 getNewConnection - Enter
25 Mar 2025 20:26:57,540 INFO  ro.mpp2024.repository.JdbcUtils 31 getNewConnection - trying to connect to database ... jdbc:sqlite:C:\Intellij Projects\basket.db
25 Mar 2025 20:26:57,542 INFO  ro.mpp2024.repository.JdbcUtils 32 getNewConnection - user: null
25 Mar 2025 20:26:57,542 INFO  ro.mpp2024.repository.JdbcUtils 33 getNewConnection - pass: null
25 Mar 2025 20:26:58,205 TRACE ro.mpp2024.repository.JdbcUtils 57 getConnection - Exit with(org.sqlite.jdbc4.JDBC4Connection@483dfa1c)
25 Mar 2025 20:27:00,947 TRACE ro.mpp2024.repository.RepositoryDBGame 148 findByTypeOrderedByDate - Enter Finding games by type SEMIFINAL ordered by date
25 Mar 2025 20:27:00,948 TRACE ro.mpp2024.repository.JdbcUtils 48 getConnection - Enter
25 Mar 2025 20:27:00,949 TRACE ro.mpp2024.repository.JdbcUtils 57 getConnection - Exit with(org.sqlite.jdbc4.JDBC4Connection@483dfa1c)
25 Mar 2025 20:27:21,637 TRACE ro.mpp2024.repository.RepositoryDBGame 26 findOne - Enter Finding game by id 2
25 Mar 2025 20:27:21,637 TRACE ro.mpp2024.repository.JdbcUtils 48 getConnection - Enter
25 Mar 2025 20:27:21,638 TRACE ro.mpp2024.repository.JdbcUtils 57 getConnection - Exit with(org.sqlite.jdbc4.JDBC4Connection@483dfa1c)
25 Mar 2025 20:27:21,639 TRACE ro.mpp2024.repository.RepositoryDBGame 125 update - Enter Updating game ro.mpp2024.domain.Game@512b471a
25 Mar 2025 20:27:21,640 TRACE ro.mpp2024.repository.JdbcUtils 48 getConnection - Enter
25 Mar 2025 20:27:21,640 TRACE ro.mpp2024.repository.JdbcUtils 57 getConnection - Exit with(org.sqlite.jdbc4.JDBC4Connection@483dfa1c)
25 Mar 2025 20:27:21,649 TRACE ro.mpp2024.repository.RepositoryDBPurchase 75 save - Enter Saving purchase ro.mpp2024.domain.Purchase@752ca47a
25 Mar 2025 20:27:21,649 TRACE ro.mpp2024.repository.JdbcUtils 48 getConnection - Enter
25 Mar 2025 20:27:21,650 TRACE ro.mpp2024.repository.JdbcUtils 57 getConnection - Exit with(org.sqlite.jdbc4.JDBC4Connection@483dfa1c)
25 Mar 2025 20:27:23,031 TRACE ro.mpp2024.repository.RepositoryDBGame 148 findByTypeOrderedByDate - Enter Finding games by type SEMIFINAL ordered by date
25 Mar 2025 20:27:23,032 TRACE ro.mpp2024.repository.JdbcUtils 48 getConnection - Enter
25 Mar 2025 20:27:23,033 TRACE ro.mpp2024.repository.JdbcUtils 57 getConnection - Exit with(org.sqlite.jdbc4.JDBC4Connection@483dfa1c)
25 Mar 2025 20:27:32,061 TRACE ro.mpp2024.repository.RepositoryDBGame 148 findByTypeOrderedByDate - Enter Finding games by type SEMIFINAL ordered by date
25 Mar 2025 20:27:32,061 TRACE ro.mpp2024.repository.JdbcUtils 48 getConnection - Enter
25 Mar 2025 20:27:32,062 TRACE ro.mpp2024.repository.JdbcUtils 57 getConnection - Exit with(org.sqlite.jdbc4.JDBC4Connection@483dfa1c)
25 Mar 2025 20:28:29,496 TRACE ro.mpp2024.repository.RepositoryDBUser 51 findAll - Enter Finding all users
25 Mar 2025 20:28:29,502 TRACE ro.mpp2024.repository.JdbcUtils 48 getConnection - Enter
25 Mar 2025 20:28:29,502 TRACE ro.mpp2024.repository.JdbcUtils 26 getNewConnection - Enter
25 Mar 2025 20:28:29,504 INFO  ro.mpp2024.repository.JdbcUtils 31 getNewConnection - trying to connect to database ... jdbc:sqlite:C:\Intellij Projects\basket.db
25 Mar 2025 20:28:29,506 INFO  ro.mpp2024.repository.JdbcUtils 32 getNewConnection - user: null
25 Mar 2025 20:28:29,506 INFO  ro.mpp2024.repository.JdbcUtils 33 getNewConnection - pass: null
25 Mar 2025 20:28:29,827 TRACE ro.mpp2024.repository.JdbcUtils 57 getConnection - Exit with(org.sqlite.jdbc4.JDBC4Connection@16b11e01)
25 Mar 2025 20:28:31,674 TRACE ro.mpp2024.repository.RepositoryDBGame 148 findByTypeOrderedByDate - Enter Finding games by type SEMIFINAL ordered by date
25 Mar 2025 20:28:31,675 TRACE ro.mpp2024.repository.JdbcUtils 48 getConnection - Enter
25 Mar 2025 20:28:31,675 TRACE ro.mpp2024.repository.JdbcUtils 57 getConnection - Exit with(org.sqlite.jdbc4.JDBC4Connection@16b11e01)
25 Mar 2025 23:30:08,544 TRACE ro.mpp2024.repository.RepositoryDBUser 51 findAll - Enter Finding all users
25 Mar 2025 23:30:08,550 TRACE ro.mpp2024.repository.JdbcUtils 48 getConnection - Enter
25 Mar 2025 23:30:08,551 TRACE ro.mpp2024.repository.JdbcUtils 26 getNewConnection - Enter
25 Mar 2025 23:30:08,555 INFO  ro.mpp2024.repository.JdbcUtils 31 getNewConnection - trying to connect to database ... jdbc:sqlite:C:\Intellij Projects\basket.db
25 Mar 2025 23:30:08,556 INFO  ro.mpp2024.repository.JdbcUtils 32 getNewConnection - user: null
25 Mar 2025 23:30:08,556 INFO  ro.mpp2024.repository.JdbcUtils 33 getNewConnection - pass: null
25 Mar 2025 23:30:08,893 TRACE ro.mpp2024.repository.JdbcUtils 57 getConnection - Exit with(org.sqlite.jdbc4.JDBC4Connection@48c75bf)
25 Mar 2025 23:30:11,751 TRACE ro.mpp2024.repository.RepositoryDBGame 148 findByTypeOrderedByDate - Enter Finding games by type SEMIFINAL ordered by date
25 Mar 2025 23:30:11,752 TRACE ro.mpp2024.repository.JdbcUtils 48 getConnection - Enter
25 Mar 2025 23:30:11,753 TRACE ro.mpp2024.repository.JdbcUtils 57 getConnection - Exit with(org.sqlite.jdbc4.JDBC4Connection@48c75bf)
25 Mar 2025 23:30:22,068 TRACE ro.mpp2024.repository.RepositoryDBGame 148 findByTypeOrderedByDate - Enter Finding games by type SEMIFINAL ordered by date
25 Mar 2025 23:30:22,069 TRACE ro.mpp2024.repository.JdbcUtils 48 getConnection - Enter
25 Mar 2025 23:30:22,069 TRACE ro.mpp2024.repository.JdbcUtils 57 getConnection - Exit with(org.sqlite.jdbc4.JDBC4Connection@48c75bf)
25 Mar 2025 23:35:25,298 TRACE ro.mpp2024.repository.RepositoryDBUser 51 findAll - Enter Finding all users
25 Mar 2025 23:35:25,304 TRACE ro.mpp2024.repository.JdbcUtils 48 getConnection - Enter
25 Mar 2025 23:35:25,305 TRACE ro.mpp2024.repository.JdbcUtils 26 getNewConnection - Enter
25 Mar 2025 23:35:25,307 INFO  ro.mpp2024.repository.JdbcUtils 31 getNewConnection - trying to connect to database ... jdbc:sqlite:C:\Intellij Projects\basket.db
25 Mar 2025 23:35:25,308 INFO  ro.mpp2024.repository.JdbcUtils 32 getNewConnection - user: null
25 Mar 2025 23:35:25,309 INFO  ro.mpp2024.repository.JdbcUtils 33 getNewConnection - pass: null
25 Mar 2025 23:35:25,704 TRACE ro.mpp2024.repository.JdbcUtils 57 getConnection - Exit with(org.sqlite.jdbc4.JDBC4Connection@4db5365a)
25 Mar 2025 23:35:34,288 TRACE ro.mpp2024.repository.RepositoryDBUser 51 findAll - Enter Finding all users
25 Mar 2025 23:35:34,288 TRACE ro.mpp2024.repository.JdbcUtils 48 getConnection - Enter
25 Mar 2025 23:35:34,289 TRACE ro.mpp2024.repository.JdbcUtils 57 getConnection - Exit with(org.sqlite.jdbc4.JDBC4Connection@4db5365a)
25 Mar 2025 23:35:38,019 TRACE ro.mpp2024.repository.RepositoryDBGame 148 findByTypeOrderedByDate - Enter Finding games by type SEMIFINAL ordered by date
25 Mar 2025 23:35:38,020 TRACE ro.mpp2024.repository.JdbcUtils 48 getConnection - Enter
25 Mar 2025 23:35:38,020 TRACE ro.mpp2024.repository.JdbcUtils 57 getConnection - Exit with(org.sqlite.jdbc4.JDBC4Connection@4db5365a)
25 Mar 2025 23:35:56,179 TRACE ro.mpp2024.repository.RepositoryDBGame 148 findByTypeOrderedByDate - Enter Finding games by type SEMIFINAL ordered by date
25 Mar 2025 23:35:56,179 TRACE ro.mpp2024.repository.JdbcUtils 48 getConnection - Enter
25 Mar 2025 23:35:56,180 TRACE ro.mpp2024.repository.JdbcUtils 57 getConnection - Exit with(org.sqlite.jdbc4.JDBC4Connection@4db5365a)
25 Mar 2025 23:44:52,675 TRACE ro.mpp2024.repository.RepositoryDBUser 51 findAll - Enter Finding all users
25 Mar 2025 23:44:52,681 TRACE ro.mpp2024.repository.JdbcUtils 48 getConnection - Enter
25 Mar 2025 23:44:52,682 TRACE ro.mpp2024.repository.JdbcUtils 26 getNewConnection - Enter
25 Mar 2025 23:44:52,684 INFO  ro.mpp2024.repository.JdbcUtils 31 getNewConnection - trying to connect to database ... jdbc:sqlite:C:\Intellij Projects\basket.db
25 Mar 2025 23:44:52,685 INFO  ro.mpp2024.repository.JdbcUtils 32 getNewConnection - user: null
25 Mar 2025 23:44:52,686 INFO  ro.mpp2024.repository.JdbcUtils 33 getNewConnection - pass: null
25 Mar 2025 23:44:53,036 TRACE ro.mpp2024.repository.JdbcUtils 57 getConnection - Exit with(org.sqlite.jdbc4.JDBC4Connection@3c53604f)
25 Mar 2025 23:45:13,085 TRACE ro.mpp2024.repository.RepositoryDBUser 51 findAll - Enter Finding all users
25 Mar 2025 23:45:13,086 TRACE ro.mpp2024.repository.JdbcUtils 48 getConnection - Enter
25 Mar 2025 23:45:13,086 TRACE ro.mpp2024.repository.JdbcUtils 57 getConnection - Exit with(org.sqlite.jdbc4.JDBC4Connection@3c53604f)
25 Mar 2025 23:45:17,557 TRACE ro.mpp2024.repository.RepositoryDBUser 51 findAll - Enter Finding all users
25 Mar 2025 23:45:17,557 TRACE ro.mpp2024.repository.JdbcUtils 48 getConnection - Enter
25 Mar 2025 23:45:17,558 TRACE ro.mpp2024.repository.JdbcUtils 57 getConnection - Exit with(org.sqlite.jdbc4.JDBC4Connection@3c53604f)
25 Mar 2025 23:45:24,808 TRACE ro.mpp2024.repository.RepositoryDBUser 51 findAll - Enter Finding all users
25 Mar 2025 23:45:24,808 TRACE ro.mpp2024.repository.JdbcUtils 48 getConnection - Enter
25 Mar 2025 23:45:24,809 TRACE ro.mpp2024.repository.JdbcUtils 57 getConnection - Exit with(org.sqlite.jdbc4.JDBC4Connection@3c53604f)
25 Mar 2025 23:45:35,354 TRACE ro.mpp2024.repository.RepositoryDBUser 51 findAll - Enter Finding all users
25 Mar 2025 23:45:35,354 TRACE ro.mpp2024.repository.JdbcUtils 48 getConnection - Enter
25 Mar 2025 23:45:35,355 TRACE ro.mpp2024.repository.JdbcUtils 57 getConnection - Exit with(org.sqlite.jdbc4.JDBC4Connection@3c53604f)
25 Mar 2025 23:45:35,357 TRACE ro.mpp2024.repository.RepositoryDBUser 75 save - Enter Saving user ro.mpp2024.domain.User@712127e8
25 Mar 2025 23:45:35,357 TRACE ro.mpp2024.repository.JdbcUtils 48 getConnection - Enter
25 Mar 2025 23:45:35,357 TRACE ro.mpp2024.repository.JdbcUtils 57 getConnection - Exit with(org.sqlite.jdbc4.JDBC4Connection@3c53604f)
25 Mar 2025 23:45:49,186 TRACE ro.mpp2024.repository.RepositoryDBUser 51 findAll - Enter Finding all users
25 Mar 2025 23:45:49,187 TRACE ro.mpp2024.repository.JdbcUtils 48 getConnection - Enter
25 Mar 2025 23:45:49,187 TRACE ro.mpp2024.repository.JdbcUtils 57 getConnection - Exit with(org.sqlite.jdbc4.JDBC4Connection@3c53604f)
25 Mar 2025 23:45:53,718 TRACE ro.mpp2024.repository.RepositoryDBGame 148 findByTypeOrderedByDate - Enter Finding games by type FINAL ordered by date
25 Mar 2025 23:45:53,719 TRACE ro.mpp2024.repository.JdbcUtils 48 getConnection - Enter
25 Mar 2025 23:45:53,719 TRACE ro.mpp2024.repository.JdbcUtils 57 getConnection - Exit with(org.sqlite.jdbc4.JDBC4Connection@3c53604f)
25 Mar 2025 23:45:58,862 TRACE ro.mpp2024.repository.RepositoryDBGame 148 findByTypeOrderedByDate - Enter Finding games by type SEMIFINAL ordered by date
25 Mar 2025 23:45:58,862 TRACE ro.mpp2024.repository.JdbcUtils 48 getConnection - Enter
25 Mar 2025 23:45:58,863 TRACE ro.mpp2024.repository.JdbcUtils 57 getConnection - Exit with(org.sqlite.jdbc4.JDBC4Connection@3c53604f)
25 Mar 2025 23:46:01,598 TRACE ro.mpp2024.repository.RepositoryDBGame 148 findByTypeOrderedByDate - Enter Finding games by type QUARTERFINAL ordered by date
25 Mar 2025 23:46:01,598 TRACE ro.mpp2024.repository.JdbcUtils 48 getConnection - Enter
25 Mar 2025 23:46:01,598 TRACE ro.mpp2024.repository.JdbcUtils 57 getConnection - Exit with(org.sqlite.jdbc4.JDBC4Connection@3c53604f)
25 Mar 2025 23:46:03,381 TRACE ro.mpp2024.repository.RepositoryDBGame 148 findByTypeOrderedByDate - Enter Finding games by type SEMIFINAL ordered by date
25 Mar 2025 23:46:03,381 TRACE ro.mpp2024.repository.JdbcUtils 48 getConnection - Enter
25 Mar 2025 23:46:03,381 TRACE ro.mpp2024.repository.JdbcUtils 57 getConnection - Exit with(org.sqlite.jdbc4.JDBC4Connection@3c53604f)
25 Mar 2025 23:46:06,349 TRACE ro.mpp2024.repository.RepositoryDBGame 148 findByTypeOrderedByDate - Enter Finding games by type QUARTERFINAL ordered by date
25 Mar 2025 23:46:06,350 TRACE ro.mpp2024.repository.JdbcUtils 48 getConnection - Enter
25 Mar 2025 23:46:06,350 TRACE ro.mpp2024.repository.JdbcUtils 57 getConnection - Exit with(org.sqlite.jdbc4.JDBC4Connection@3c53604f)
25 Mar 2025 23:46:08,655 TRACE ro.mpp2024.repository.RepositoryDBGame 148 findByTypeOrderedByDate - Enter Finding games by type PLAYOFF ordered by date
25 Mar 2025 23:46:08,656 TRACE ro.mpp2024.repository.JdbcUtils 48 getConnection - Enter
25 Mar 2025 23:46:08,656 TRACE ro.mpp2024.repository.JdbcUtils 57 getConnection - Exit with(org.sqlite.jdbc4.JDBC4Connection@3c53604f)
25 Mar 2025 23:46:11,000 TRACE ro.mpp2024.repository.RepositoryDBGame 148 findByTypeOrderedByDate - Enter Finding games by type REGULAR ordered by date
25 Mar 2025 23:46:11,000 TRACE ro.mpp2024.repository.JdbcUtils 48 getConnection - Enter
25 Mar 2025 23:46:11,001 TRACE ro.mpp2024.repository.JdbcUtils 57 getConnection - Exit with(org.sqlite.jdbc4.JDBC4Connection@3c53604f)
25 Mar 2025 23:46:14,000 TRACE ro.mpp2024.repository.RepositoryDBGame 148 findByTypeOrderedByDate - Enter Finding games by type FINAL ordered by date
25 Mar 2025 23:46:14,000 TRACE ro.mpp2024.repository.JdbcUtils 48 getConnection - Enter
25 Mar 2025 23:46:14,001 TRACE ro.mpp2024.repository.JdbcUtils 57 getConnection - Exit with(org.sqlite.jdbc4.JDBC4Connection@3c53604f)
25 Mar 2025 23:47:05,831 TRACE ro.mpp2024.repository.RepositoryDBGame 26 findOne - Enter Finding game by id 19
25 Mar 2025 23:47:05,832 TRACE ro.mpp2024.repository.JdbcUtils 48 getConnection - Enter
25 Mar 2025 23:47:05,833 TRACE ro.mpp2024.repository.JdbcUtils 57 getConnection - Exit with(org.sqlite.jdbc4.JDBC4Connection@3c53604f)
25 Mar 2025 23:47:05,834 TRACE ro.mpp2024.repository.RepositoryDBGame 125 update - Enter Updating game ro.mpp2024.domain.Game@1021a630
25 Mar 2025 23:47:05,835 TRACE ro.mpp2024.repository.JdbcUtils 48 getConnection - Enter
25 Mar 2025 23:47:05,835 TRACE ro.mpp2024.repository.JdbcUtils 57 getConnection - Exit with(org.sqlite.jdbc4.JDBC4Connection@3c53604f)
25 Mar 2025 23:47:05,843 TRACE ro.mpp2024.repository.RepositoryDBPurchase 75 save - Enter Saving purchase ro.mpp2024.domain.Purchase@73fc23da
25 Mar 2025 23:47:05,843 TRACE ro.mpp2024.repository.JdbcUtils 48 getConnection - Enter
25 Mar 2025 23:47:05,844 TRACE ro.mpp2024.repository.JdbcUtils 57 getConnection - Exit with(org.sqlite.jdbc4.JDBC4Connection@3c53604f)
25 Mar 2025 23:47:07,325 TRACE ro.mpp2024.repository.RepositoryDBGame 148 findByTypeOrderedByDate - Enter Finding games by type FINAL ordered by date
25 Mar 2025 23:47:07,325 TRACE ro.mpp2024.repository.JdbcUtils 48 getConnection - Enter
25 Mar 2025 23:47:07,326 TRACE ro.mpp2024.repository.JdbcUtils 57 getConnection - Exit with(org.sqlite.jdbc4.JDBC4Connection@3c53604f)
25 Mar 2025 23:52:52,154 TRACE ro.mpp2024.repository.RepositoryDBUser 51 findAll - Enter Finding all users
25 Mar 2025 23:52:52,158 TRACE ro.mpp2024.repository.JdbcUtils 48 getConnection - Enter
25 Mar 2025 23:52:52,159 TRACE ro.mpp2024.repository.JdbcUtils 26 getNewConnection - Enter
25 Mar 2025 23:52:52,161 INFO  ro.mpp2024.repository.JdbcUtils 31 getNewConnection - trying to connect to database ... jdbc:sqlite:C:\Intellij Projects\basket.db
25 Mar 2025 23:52:52,162 INFO  ro.mpp2024.repository.JdbcUtils 32 getNewConnection - user: null
25 Mar 2025 23:52:52,163 INFO  ro.mpp2024.repository.JdbcUtils 33 getNewConnection - pass: null
25 Mar 2025 23:52:52,524 TRACE ro.mpp2024.repository.JdbcUtils 57 getConnection - Exit with(org.sqlite.jdbc4.JDBC4Connection@74e6de63)
25 Mar 2025 23:53:20,357 TRACE ro.mpp2024.repository.RepositoryDBUser 51 findAll - Enter Finding all users
25 Mar 2025 23:53:20,358 TRACE ro.mpp2024.repository.JdbcUtils 48 getConnection - Enter
25 Mar 2025 23:53:20,358 TRACE ro.mpp2024.repository.JdbcUtils 57 getConnection - Exit with(org.sqlite.jdbc4.JDBC4Connection@74e6de63)
25 Mar 2025 23:53:20,369 TRACE ro.mpp2024.repository.RepositoryDBUser 75 save - Enter Saving user ro.mpp2024.domain.User@65e65f36
25 Mar 2025 23:53:20,369 TRACE ro.mpp2024.repository.JdbcUtils 48 getConnection - Enter
25 Mar 2025 23:53:20,369 TRACE ro.mpp2024.repository.JdbcUtils 57 getConnection - Exit with(org.sqlite.jdbc4.JDBC4Connection@74e6de63)
25 Mar 2025 23:53:34,117 TRACE ro.mpp2024.repository.RepositoryDBUser 51 findAll - Enter Finding all users
25 Mar 2025 23:53:34,118 TRACE ro.mpp2024.repository.JdbcUtils 48 getConnection - Enter
25 Mar 2025 23:53:34,118 TRACE ro.mpp2024.repository.JdbcUtils 57 getConnection - Exit with(org.sqlite.jdbc4.JDBC4Connection@74e6de63)
25 Mar 2025 23:53:37,353 TRACE ro.mpp2024.repository.RepositoryDBGame 148 findByTypeOrderedByDate - Enter Finding games by type SEMIFINAL ordered by date
25 Mar 2025 23:53:37,354 TRACE ro.mpp2024.repository.JdbcUtils 48 getConnection - Enter
25 Mar 2025 23:53:37,355 TRACE ro.mpp2024.repository.JdbcUtils 57 getConnection - Exit with(org.sqlite.jdbc4.JDBC4Connection@74e6de63)
25 Mar 2025 23:53:38,904 TRACE ro.mpp2024.repository.RepositoryDBGame 148 findByTypeOrderedByDate - Enter Finding games by type FINAL ordered by date
25 Mar 2025 23:53:38,904 TRACE ro.mpp2024.repository.JdbcUtils 48 getConnection - Enter
25 Mar 2025 23:53:38,904 TRACE ro.mpp2024.repository.JdbcUtils 57 getConnection - Exit with(org.sqlite.jdbc4.JDBC4Connection@74e6de63)
25 Mar 2025 23:54:11,348 TRACE ro.mpp2024.repository.RepositoryDBGame 148 findByTypeOrderedByDate - Enter Finding games by type FINAL ordered by date
25 Mar 2025 23:54:11,349 TRACE ro.mpp2024.repository.JdbcUtils 48 getConnection - Enter
25 Mar 2025 23:54:11,349 TRACE ro.mpp2024.repository.JdbcUtils 57 getConnection - Exit with(org.sqlite.jdbc4.JDBC4Connection@74e6de63)
25 Mar 2025 23:55:23,991 TRACE ro.mpp2024.repository.RepositoryDBUser 51 findAll - Enter Finding all users
25 Mar 2025 23:55:23,996 TRACE ro.mpp2024.repository.JdbcUtils 48 getConnection - Enter
25 Mar 2025 23:55:23,996 TRACE ro.mpp2024.repository.JdbcUtils 26 getNewConnection - Enter
25 Mar 2025 23:55:23,999 INFO  ro.mpp2024.repository.JdbcUtils 31 getNewConnection - trying to connect to database ... jdbc:sqlite:C:\Intellij Projects\basket.db
25 Mar 2025 23:55:24,000 INFO  ro.mpp2024.repository.JdbcUtils 32 getNewConnection - user: null
25 Mar 2025 23:55:24,001 INFO  ro.mpp2024.repository.JdbcUtils 33 getNewConnection - pass: null
25 Mar 2025 23:55:24,238 TRACE ro.mpp2024.repository.JdbcUtils 57 getConnection - Exit with(org.sqlite.jdbc4.JDBC4Connection@47f26116)
25 Mar 2025 23:55:27,557 TRACE ro.mpp2024.repository.RepositoryDBGame 148 findByTypeOrderedByDate - Enter Finding games by type SEMIFINAL ordered by date
25 Mar 2025 23:55:27,558 TRACE ro.mpp2024.repository.JdbcUtils 48 getConnection - Enter
25 Mar 2025 23:55:27,559 TRACE ro.mpp2024.repository.JdbcUtils 57 getConnection - Exit with(org.sqlite.jdbc4.JDBC4Connection@47f26116)
25 Mar 2025 23:55:36,762 TRACE ro.mpp2024.repository.RepositoryDBGame 148 findByTypeOrderedByDate - Enter Finding games by type SEMIFINAL ordered by date
25 Mar 2025 23:55:36,762 TRACE ro.mpp2024.repository.JdbcUtils 48 getConnection - Enter
25 Mar 2025 23:55:36,763 TRACE ro.mpp2024.repository.JdbcUtils 57 getConnection - Exit with(org.sqlite.jdbc4.JDBC4Connection@47f26116)
25 Mar 2025 23:55:58,743 TRACE ro.mpp2024.repository.RepositoryDBUser 51 findAll - Enter Finding all users
25 Mar 2025 23:55:58,747 TRACE ro.mpp2024.repository.JdbcUtils 48 getConnection - Enter
25 Mar 2025 23:55:58,748 TRACE ro.mpp2024.repository.JdbcUtils 26 getNewConnection - Enter
25 Mar 2025 23:55:58,750 INFO  ro.mpp2024.repository.JdbcUtils 31 getNewConnection - trying to connect to database ... jdbc:sqlite:C:\Intellij Projects\basket.db
25 Mar 2025 23:55:58,751 INFO  ro.mpp2024.repository.JdbcUtils 32 getNewConnection - user: null
25 Mar 2025 23:55:58,751 INFO  ro.mpp2024.repository.JdbcUtils 33 getNewConnection - pass: null
25 Mar 2025 23:55:58,980 TRACE ro.mpp2024.repository.JdbcUtils 57 getConnection - Exit with(org.sqlite.jdbc4.JDBC4Connection@47f26116)
25 Mar 2025 23:56:02,257 TRACE ro.mpp2024.repository.RepositoryDBGame 148 findByTypeOrderedByDate - Enter Finding games by type QUARTERFINAL ordered by date
25 Mar 2025 23:56:02,258 TRACE ro.mpp2024.repository.JdbcUtils 48 getConnection - Enter
25 Mar 2025 23:56:02,258 TRACE ro.mpp2024.repository.JdbcUtils 57 getConnection - Exit with(org.sqlite.jdbc4.JDBC4Connection@47f26116)
25 Mar 2025 23:56:08,850 TRACE ro.mpp2024.repository.RepositoryDBGame 148 findByTypeOrderedByDate - Enter Finding games by type QUARTERFINAL ordered by date
25 Mar 2025 23:56:08,850 TRACE ro.mpp2024.repository.JdbcUtils 48 getConnection - Enter
25 Mar 2025 23:56:08,850 TRACE ro.mpp2024.repository.JdbcUtils 57 getConnection - Exit with(org.sqlite.jdbc4.JDBC4Connection@47f26116)
25 Mar 2025 23:56:30,119 TRACE ro.mpp2024.repository.RepositoryDBUser 51 findAll - Enter Finding all users
25 Mar 2025 23:56:30,123 TRACE ro.mpp2024.repository.JdbcUtils 48 getConnection - Enter
25 Mar 2025 23:56:30,123 TRACE ro.mpp2024.repository.JdbcUtils 26 getNewConnection - Enter
25 Mar 2025 23:56:30,125 INFO  ro.mpp2024.repository.JdbcUtils 31 getNewConnection - trying to connect to database ... jdbc:sqlite:C:\Intellij Projects\basket.db
25 Mar 2025 23:56:30,126 INFO  ro.mpp2024.repository.JdbcUtils 32 getNewConnection - user: null
25 Mar 2025 23:56:30,127 INFO  ro.mpp2024.repository.JdbcUtils 33 getNewConnection - pass: null
25 Mar 2025 23:56:30,324 TRACE ro.mpp2024.repository.JdbcUtils 57 getConnection - Exit with(org.sqlite.jdbc4.JDBC4Connection@47f26116)
25 Mar 2025 23:56:32,582 TRACE ro.mpp2024.repository.RepositoryDBGame 148 findByTypeOrderedByDate - Enter Finding games by type FINAL ordered by date
25 Mar 2025 23:56:32,583 TRACE ro.mpp2024.repository.JdbcUtils 48 getConnection - Enter
25 Mar 2025 23:56:32,583 TRACE ro.mpp2024.repository.JdbcUtils 57 getConnection - Exit with(org.sqlite.jdbc4.JDBC4Connection@47f26116)
25 Mar 2025 23:56:34,420 TRACE ro.mpp2024.repository.RepositoryDBGame 148 findByTypeOrderedByDate - Enter Finding games by type QUARTERFINAL ordered by date
25 Mar 2025 23:56:34,421 TRACE ro.mpp2024.repository.JdbcUtils 48 getConnection - Enter
25 Mar 2025 23:56:34,421 TRACE ro.mpp2024.repository.JdbcUtils 57 getConnection - Exit with(org.sqlite.jdbc4.JDBC4Connection@47f26116)
25 Mar 2025 23:56:35,540 TRACE ro.mpp2024.repository.RepositoryDBGame 148 findByTypeOrderedByDate - Enter Finding games by type REGULAR ordered by date
25 Mar 2025 23:56:35,540 TRACE ro.mpp2024.repository.JdbcUtils 48 getConnection - Enter
25 Mar 2025 23:56:35,541 TRACE ro.mpp2024.repository.JdbcUtils 57 getConnection - Exit with(org.sqlite.jdbc4.JDBC4Connection@47f26116)
25 Mar 2025 23:56:37,133 TRACE ro.mpp2024.repository.RepositoryDBGame 148 findByTypeOrderedByDate - Enter Finding games by type PLAYOFF ordered by date
25 Mar 2025 23:56:37,133 TRACE ro.mpp2024.repository.JdbcUtils 48 getConnection - Enter
25 Mar 2025 23:56:37,133 TRACE ro.mpp2024.repository.JdbcUtils 57 getConnection - Exit with(org.sqlite.jdbc4.JDBC4Connection@47f26116)
25 Mar 2025 23:56:38,853 TRACE ro.mpp2024.repository.RepositoryDBGame 148 findByTypeOrderedByDate - Enter Finding games by type QUARTERFINAL ordered by date
25 Mar 2025 23:56:38,853 TRACE ro.mpp2024.repository.JdbcUtils 48 getConnection - Enter
25 Mar 2025 23:56:38,854 TRACE ro.mpp2024.repository.JdbcUtils 57 getConnection - Exit with(org.sqlite.jdbc4.JDBC4Connection@47f26116)
25 Mar 2025 23:56:40,204 TRACE ro.mpp2024.repository.RepositoryDBGame 148 findByTypeOrderedByDate - Enter Finding games by type SEMIFINAL ordered by date
25 Mar 2025 23:56:40,205 TRACE ro.mpp2024.repository.JdbcUtils 48 getConnection - Enter
25 Mar 2025 23:56:40,205 TRACE ro.mpp2024.repository.JdbcUtils 57 getConnection - Exit with(org.sqlite.jdbc4.JDBC4Connection@47f26116)
25 Mar 2025 23:56:42,692 TRACE ro.mpp2024.repository.RepositoryDBGame 148 findByTypeOrderedByDate - Enter Finding games by type FINAL ordered by date
25 Mar 2025 23:56:42,693 TRACE ro.mpp2024.repository.JdbcUtils 48 getConnection - Enter
25 Mar 2025 23:56:42,693 TRACE ro.mpp2024.repository.JdbcUtils 57 getConnection - Exit with(org.sqlite.jdbc4.JDBC4Connection@47f26116)
25 Mar 2025 23:56:57,799 TRACE ro.mpp2024.repository.RepositoryDBGame 148 findByTypeOrderedByDate - Enter Finding games by type FINAL ordered by date
25 Mar 2025 23:56:57,800 TRACE ro.mpp2024.repository.JdbcUtils 48 getConnection - Enter
25 Mar 2025 23:56:57,800 TRACE ro.mpp2024.repository.JdbcUtils 57 getConnection - Exit with(org.sqlite.jdbc4.JDBC4Connection@47f26116)
25 Mar 2025 23:57:15,521 TRACE ro.mpp2024.repository.RepositoryDBUser 51 findAll - Enter Finding all users
25 Mar 2025 23:57:15,527 TRACE ro.mpp2024.repository.JdbcUtils 48 getConnection - Enter
25 Mar 2025 23:57:15,528 TRACE ro.mpp2024.repository.JdbcUtils 26 getNewConnection - Enter
25 Mar 2025 23:57:15,531 INFO  ro.mpp2024.repository.JdbcUtils 31 getNewConnection - trying to connect to database ... jdbc:sqlite:C:\Intellij Projects\basket.db
25 Mar 2025 23:57:15,533 INFO  ro.mpp2024.repository.JdbcUtils 32 getNewConnection - user: null
25 Mar 2025 23:57:15,533 INFO  ro.mpp2024.repository.JdbcUtils 33 getNewConnection - pass: null
25 Mar 2025 23:57:15,787 TRACE ro.mpp2024.repository.JdbcUtils 57 getConnection - Exit with(org.sqlite.jdbc4.JDBC4Connection@54db257d)
25 Mar 2025 23:57:18,286 TRACE ro.mpp2024.repository.RepositoryDBGame 148 findByTypeOrderedByDate - Enter Finding games by type FINAL ordered by date
25 Mar 2025 23:57:18,287 TRACE ro.mpp2024.repository.JdbcUtils 48 getConnection - Enter
25 Mar 2025 23:57:18,287 TRACE ro.mpp2024.repository.JdbcUtils 57 getConnection - Exit with(org.sqlite.jdbc4.JDBC4Connection@54db257d)
25 Mar 2025 23:57:25,549 TRACE ro.mpp2024.repository.RepositoryDBGame 148 findByTypeOrderedByDate - Enter Finding games by type FINAL ordered by date
25 Mar 2025 23:57:25,549 TRACE ro.mpp2024.repository.JdbcUtils 48 getConnection - Enter
25 Mar 2025 23:57:25,550 TRACE ro.mpp2024.repository.JdbcUtils 57 getConnection - Exit with(org.sqlite.jdbc4.JDBC4Connection@54db257d)
26 Mar 2025 00:05:19,749 TRACE ro.mpp2024.repository.RepositoryDBUser 51 findAll - Enter Finding all users
26 Mar 2025 00:05:19,754 TRACE ro.mpp2024.repository.JdbcUtils 48 getConnection - Enter
26 Mar 2025 00:05:19,754 TRACE ro.mpp2024.repository.JdbcUtils 26 getNewConnection - Enter
26 Mar 2025 00:05:19,756 INFO  ro.mpp2024.repository.JdbcUtils 31 getNewConnection - trying to connect to database ... jdbc:sqlite:C:\Intellij Projects\basket.db
26 Mar 2025 00:05:19,757 INFO  ro.mpp2024.repository.JdbcUtils 32 getNewConnection - user: null
26 Mar 2025 00:05:19,758 INFO  ro.mpp2024.repository.JdbcUtils 33 getNewConnection - pass: null
26 Mar 2025 00:05:20,018 TRACE ro.mpp2024.repository.JdbcUtils 57 getConnection - Exit with(org.sqlite.jdbc4.JDBC4Connection@47f26116)
26 Mar 2025 00:05:22,261 TRACE ro.mpp2024.repository.RepositoryDBGame 148 findByTypeOrderedByDate - Enter Finding games by type FINAL ordered by date
26 Mar 2025 00:05:22,261 TRACE ro.mpp2024.repository.JdbcUtils 48 getConnection - Enter
26 Mar 2025 00:05:22,262 TRACE ro.mpp2024.repository.JdbcUtils 57 getConnection - Exit with(org.sqlite.jdbc4.JDBC4Connection@47f26116)
26 Mar 2025 00:05:26,354 TRACE ro.mpp2024.repository.RepositoryDBGame 148 findByTypeOrderedByDate - Enter Finding games by type SEMIFINAL ordered by date
26 Mar 2025 00:05:26,354 TRACE ro.mpp2024.repository.JdbcUtils 48 getConnection - Enter
26 Mar 2025 00:05:26,354 TRACE ro.mpp2024.repository.JdbcUtils 57 getConnection - Exit with(org.sqlite.jdbc4.JDBC4Connection@47f26116)
26 Mar 2025 00:05:29,154 TRACE ro.mpp2024.repository.RepositoryDBGame 148 findByTypeOrderedByDate - Enter Finding games by type QUARTERFINAL ordered by date
26 Mar 2025 00:05:29,155 TRACE ro.mpp2024.repository.JdbcUtils 48 getConnection - Enter
26 Mar 2025 00:05:29,155 TRACE ro.mpp2024.repository.JdbcUtils 57 getConnection - Exit with(org.sqlite.jdbc4.JDBC4Connection@47f26116)
26 Mar 2025 00:05:30,570 TRACE ro.mpp2024.repository.RepositoryDBGame 148 findByTypeOrderedByDate - Enter Finding games by type REGULAR ordered by date
26 Mar 2025 00:05:30,571 TRACE ro.mpp2024.repository.JdbcUtils 48 getConnection - Enter
26 Mar 2025 00:05:30,571 TRACE ro.mpp2024.repository.JdbcUtils 57 getConnection - Exit with(org.sqlite.jdbc4.JDBC4Connection@47f26116)
26 Mar 2025 00:05:31,690 TRACE ro.mpp2024.repository.RepositoryDBGame 148 findByTypeOrderedByDate - Enter Finding games by type FINAL ordered by date
26 Mar 2025 00:05:31,691 TRACE ro.mpp2024.repository.JdbcUtils 48 getConnection - Enter
26 Mar 2025 00:05:31,691 TRACE ro.mpp2024.repository.JdbcUtils 57 getConnection - Exit with(org.sqlite.jdbc4.JDBC4Connection@47f26116)
26 Mar 2025 00:05:52,230 TRACE ro.mpp2024.repository.RepositoryDBGame 26 findOne - Enter Finding game by id 19
26 Mar 2025 00:05:52,230 TRACE ro.mpp2024.repository.JdbcUtils 48 getConnection - Enter
26 Mar 2025 00:05:52,231 TRACE ro.mpp2024.repository.JdbcUtils 57 getConnection - Exit with(org.sqlite.jdbc4.JDBC4Connection@47f26116)
26 Mar 2025 00:05:52,232 TRACE ro.mpp2024.repository.RepositoryDBGame 125 update - Enter Updating game ro.mpp2024.domain.Game@67175614
26 Mar 2025 00:05:52,232 TRACE ro.mpp2024.repository.JdbcUtils 48 getConnection - Enter
26 Mar 2025 00:05:52,233 TRACE ro.mpp2024.repository.JdbcUtils 57 getConnection - Exit with(org.sqlite.jdbc4.JDBC4Connection@47f26116)
26 Mar 2025 00:05:52,249 TRACE ro.mpp2024.repository.RepositoryDBPurchase 75 save - Enter Saving purchase ro.mpp2024.domain.Purchase@77bcd4fe
26 Mar 2025 00:05:52,249 TRACE ro.mpp2024.repository.JdbcUtils 48 getConnection - Enter
26 Mar 2025 00:05:52,250 TRACE ro.mpp2024.repository.JdbcUtils 57 getConnection - Exit with(org.sqlite.jdbc4.JDBC4Connection@47f26116)
26 Mar 2025 00:05:53,819 TRACE ro.mpp2024.repository.RepositoryDBGame 148 findByTypeOrderedByDate - Enter Finding games by type FINAL ordered by date
26 Mar 2025 00:05:53,820 TRACE ro.mpp2024.repository.JdbcUtils 48 getConnection - Enter
26 Mar 2025 00:05:53,820 TRACE ro.mpp2024.repository.JdbcUtils 57 getConnection - Exit with(org.sqlite.jdbc4.JDBC4Connection@47f26116)
26 Mar 2025 01:12:49,051 TRACE ro.mpp2024.repository.RepositoryDBUser 51 findAll - Enter Finding all users
26 Mar 2025 01:12:49,064 TRACE ro.mpp2024.repository.JdbcUtils 48 getConnection - Enter
26 Mar 2025 01:12:49,065 TRACE ro.mpp2024.repository.JdbcUtils 26 getNewConnection - Enter
26 Mar 2025 01:12:49,071 INFO  ro.mpp2024.repository.JdbcUtils 31 getNewConnection - trying to connect to database ... jdbc:sqlite:C:\Intellij Projects\basket.db
26 Mar 2025 01:12:49,075 INFO  ro.mpp2024.repository.JdbcUtils 32 getNewConnection - user: null
26 Mar 2025 01:12:49,076 INFO  ro.mpp2024.repository.JdbcUtils 33 getNewConnection - pass: null
26 Mar 2025 01:12:50,214 TRACE ro.mpp2024.repository.JdbcUtils 57 getConnection - Exit with(org.sqlite.jdbc4.JDBC4Connection@5597183d)
26 Mar 2025 01:13:00,539 TRACE ro.mpp2024.repository.RepositoryDBUser 51 findAll - Enter Finding all users
26 Mar 2025 01:13:00,540 TRACE ro.mpp2024.repository.JdbcUtils 48 getConnection - Enter
26 Mar 2025 01:13:00,542 TRACE ro.mpp2024.repository.JdbcUtils 57 getConnection - Exit with(org.sqlite.jdbc4.JDBC4Connection@5597183d)
26 Mar 2025 01:13:11,307 TRACE ro.mpp2024.repository.RepositoryDBUser 51 findAll - Enter Finding all users
26 Mar 2025 01:13:11,308 TRACE ro.mpp2024.repository.JdbcUtils 48 getConnection - Enter
26 Mar 2025 01:13:11,309 TRACE ro.mpp2024.repository.JdbcUtils 57 getConnection - Exit with(org.sqlite.jdbc4.JDBC4Connection@5597183d)
26 Mar 2025 01:13:11,321 TRACE ro.mpp2024.repository.RepositoryDBUser 75 save - Enter Saving user ro.mpp2024.domain.User@4ce70924
26 Mar 2025 01:13:11,323 TRACE ro.mpp2024.repository.JdbcUtils 48 getConnection - Enter
26 Mar 2025 01:13:11,324 TRACE ro.mpp2024.repository.JdbcUtils 57 getConnection - Exit with(org.sqlite.jdbc4.JDBC4Connection@5597183d)
26 Mar 2025 01:13:28,515 TRACE ro.mpp2024.repository.RepositoryDBUser 51 findAll - Enter Finding all users
26 Mar 2025 01:13:28,516 TRACE ro.mpp2024.repository.JdbcUtils 48 getConnection - Enter
26 Mar 2025 01:13:28,517 TRACE ro.mpp2024.repository.JdbcUtils 57 getConnection - Exit with(org.sqlite.jdbc4.JDBC4Connection@5597183d)
26 Mar 2025 01:13:46,296 TRACE ro.mpp2024.repository.RepositoryDBGame 148 findByTypeOrderedByDate - Enter Finding games by type REGULAR ordered by date
26 Mar 2025 01:13:46,296 TRACE ro.mpp2024.repository.JdbcUtils 48 getConnection - Enter
26 Mar 2025 01:13:46,297 TRACE ro.mpp2024.repository.JdbcUtils 57 getConnection - Exit with(org.sqlite.jdbc4.JDBC4Connection@5597183d)
26 Mar 2025 01:13:54,131 TRACE ro.mpp2024.repository.RepositoryDBGame 148 findByTypeOrderedByDate - Enter Finding games by type PLAYOFF ordered by date
26 Mar 2025 01:13:54,132 TRACE ro.mpp2024.repository.JdbcUtils 48 getConnection - Enter
26 Mar 2025 01:13:54,133 TRACE ro.mpp2024.repository.JdbcUtils 57 getConnection - Exit with(org.sqlite.jdbc4.JDBC4Connection@5597183d)
26 Mar 2025 01:13:57,667 TRACE ro.mpp2024.repository.RepositoryDBGame 148 findByTypeOrderedByDate - Enter Finding games by type QUARTERFINAL ordered by date
26 Mar 2025 01:13:57,668 TRACE ro.mpp2024.repository.JdbcUtils 48 getConnection - Enter
26 Mar 2025 01:13:57,668 TRACE ro.mpp2024.repository.JdbcUtils 57 getConnection - Exit with(org.sqlite.jdbc4.JDBC4Connection@5597183d)
26 Mar 2025 01:14:03,900 TRACE ro.mpp2024.repository.RepositoryDBGame 148 findByTypeOrderedByDate - Enter Finding games by type SEMIFINAL ordered by date
26 Mar 2025 01:14:03,901 TRACE ro.mpp2024.repository.JdbcUtils 48 getConnection - Enter
26 Mar 2025 01:14:03,903 TRACE ro.mpp2024.repository.JdbcUtils 57 getConnection - Exit with(org.sqlite.jdbc4.JDBC4Connection@5597183d)
26 Mar 2025 01:14:06,799 TRACE ro.mpp2024.repository.RepositoryDBGame 148 findByTypeOrderedByDate - Enter Finding games by type FINAL ordered by date
26 Mar 2025 01:14:06,800 TRACE ro.mpp2024.repository.JdbcUtils 48 getConnection - Enter
26 Mar 2025 01:14:06,801 TRACE ro.mpp2024.repository.JdbcUtils 57 getConnection - Exit with(org.sqlite.jdbc4.JDBC4Connection@5597183d)
26 Mar 2025 01:15:25,889 TRACE ro.mpp2024.repository.RepositoryDBGame 26 findOne - Enter Finding game by id 19
26 Mar 2025 01:15:25,890 TRACE ro.mpp2024.repository.JdbcUtils 48 getConnection - Enter
26 Mar 2025 01:15:25,891 TRACE ro.mpp2024.repository.JdbcUtils 57 getConnection - Exit with(org.sqlite.jdbc4.JDBC4Connection@5597183d)
26 Mar 2025 01:15:25,894 TRACE ro.mpp2024.repository.RepositoryDBGame 125 update - Enter Updating game ro.mpp2024.domain.Game@75f5f291
26 Mar 2025 01:15:25,895 TRACE ro.mpp2024.repository.JdbcUtils 48 getConnection - Enter
26 Mar 2025 01:15:25,895 TRACE ro.mpp2024.repository.JdbcUtils 57 getConnection - Exit with(org.sqlite.jdbc4.JDBC4Connection@5597183d)
26 Mar 2025 01:15:25,908 TRACE ro.mpp2024.repository.RepositoryDBPurchase 75 save - Enter Saving purchase ro.mpp2024.domain.Purchase@7f5371c3
26 Mar 2025 01:15:25,909 TRACE ro.mpp2024.repository.JdbcUtils 48 getConnection - Enter
26 Mar 2025 01:15:25,910 TRACE ro.mpp2024.repository.JdbcUtils 57 getConnection - Exit with(org.sqlite.jdbc4.JDBC4Connection@5597183d)
26 Mar 2025 01:15:29,543 TRACE ro.mpp2024.repository.RepositoryDBGame 148 findByTypeOrderedByDate - Enter Finding games by type FINAL ordered by date
26 Mar 2025 01:15:29,544 TRACE ro.mpp2024.repository.JdbcUtils 48 getConnection - Enter
26 Mar 2025 01:15:29,551 TRACE ro.mpp2024.repository.JdbcUtils 57 getConnection - Exit with(org.sqlite.jdbc4.JDBC4Connection@5597183d)
26 Mar 2025 01:21:06,671 TRACE ro.mpp2024.repository.RepositoryDBUser 51 findAll - Enter Finding all users
26 Mar 2025 01:21:06,683 TRACE ro.mpp2024.repository.JdbcUtils 48 getConnection - Enter
26 Mar 2025 01:21:06,684 TRACE ro.mpp2024.repository.JdbcUtils 26 getNewConnection - Enter
26 Mar 2025 01:21:06,689 INFO  ro.mpp2024.repository.JdbcUtils 31 getNewConnection - trying to connect to database ... jdbc:sqlite:C:\Intellij Projects\basket.db
26 Mar 2025 01:21:06,692 INFO  ro.mpp2024.repository.JdbcUtils 32 getNewConnection - user: null
26 Mar 2025 01:21:06,694 INFO  ro.mpp2024.repository.JdbcUtils 33 getNewConnection - pass: null
26 Mar 2025 01:21:07,141 TRACE ro.mpp2024.repository.JdbcUtils 57 getConnection - Exit with(org.sqlite.jdbc4.JDBC4Connection@5d13190d)
26 Mar 2025 01:21:13,433 TRACE ro.mpp2024.repository.RepositoryDBUser 51 findAll - Enter Finding all users
26 Mar 2025 01:21:13,435 TRACE ro.mpp2024.repository.JdbcUtils 48 getConnection - Enter
26 Mar 2025 01:21:13,436 TRACE ro.mpp2024.repository.JdbcUtils 57 getConnection - Exit with(org.sqlite.jdbc4.JDBC4Connection@5d13190d)
26 Mar 2025 01:21:20,112 TRACE ro.mpp2024.repository.RepositoryDBUser 51 findAll - Enter Finding all users
26 Mar 2025 01:21:20,113 TRACE ro.mpp2024.repository.JdbcUtils 48 getConnection - Enter
26 Mar 2025 01:21:20,114 TRACE ro.mpp2024.repository.JdbcUtils 57 getConnection - Exit with(org.sqlite.jdbc4.JDBC4Connection@5d13190d)
26 Mar 2025 01:21:26,691 TRACE ro.mpp2024.repository.RepositoryDBUser 51 findAll - Enter Finding all users
26 Mar 2025 01:21:26,692 TRACE ro.mpp2024.repository.JdbcUtils 48 getConnection - Enter
26 Mar 2025 01:21:26,693 TRACE ro.mpp2024.repository.JdbcUtils 57 getConnection - Exit with(org.sqlite.jdbc4.JDBC4Connection@5d13190d)
26 Mar 2025 01:21:30,576 TRACE ro.mpp2024.repository.RepositoryDBUser 51 findAll - Enter Finding all users
26 Mar 2025 01:21:30,577 TRACE ro.mpp2024.repository.JdbcUtils 48 getConnection - Enter
26 Mar 2025 01:21:30,578 TRACE ro.mpp2024.repository.JdbcUtils 57 getConnection - Exit with(org.sqlite.jdbc4.JDBC4Connection@5d13190d)
26 Mar 2025 01:21:30,590 TRACE ro.mpp2024.repository.RepositoryDBUser 75 save - Enter Saving user ro.mpp2024.domain.User@15e4232a
26 Mar 2025 01:21:30,591 TRACE ro.mpp2024.repository.JdbcUtils 48 getConnection - Enter
26 Mar 2025 01:21:30,592 TRACE ro.mpp2024.repository.JdbcUtils 57 getConnection - Exit with(org.sqlite.jdbc4.JDBC4Connection@5d13190d)
26 Mar 2025 01:21:44,168 TRACE ro.mpp2024.repository.RepositoryDBUser 51 findAll - Enter Finding all users
26 Mar 2025 01:21:44,169 TRACE ro.mpp2024.repository.JdbcUtils 48 getConnection - Enter
26 Mar 2025 01:21:44,170 TRACE ro.mpp2024.repository.JdbcUtils 57 getConnection - Exit with(org.sqlite.jdbc4.JDBC4Connection@5d13190d)
26 Mar 2025 01:21:51,207 TRACE ro.mpp2024.repository.RepositoryDBGame 148 findByTypeOrderedByDate - Enter Finding games by type FINAL ordered by date
26 Mar 2025 01:21:51,208 TRACE ro.mpp2024.repository.JdbcUtils 48 getConnection - Enter
26 Mar 2025 01:21:51,209 TRACE ro.mpp2024.repository.JdbcUtils 57 getConnection - Exit with(org.sqlite.jdbc4.JDBC4Connection@5d13190d)
26 Mar 2025 01:21:53,890 TRACE ro.mpp2024.repository.RepositoryDBGame 148 findByTypeOrderedByDate - Enter Finding games by type SEMIFINAL ordered by date
26 Mar 2025 01:21:53,893 TRACE ro.mpp2024.repository.JdbcUtils 48 getConnection - Enter
26 Mar 2025 01:21:53,893 TRACE ro.mpp2024.repository.JdbcUtils 57 getConnection - Exit with(org.sqlite.jdbc4.JDBC4Connection@5d13190d)
26 Mar 2025 01:21:56,653 TRACE ro.mpp2024.repository.RepositoryDBGame 148 findByTypeOrderedByDate - Enter Finding games by type REGULAR ordered by date
26 Mar 2025 01:21:56,654 TRACE ro.mpp2024.repository.JdbcUtils 48 getConnection - Enter
26 Mar 2025 01:21:56,654 TRACE ro.mpp2024.repository.JdbcUtils 57 getConnection - Exit with(org.sqlite.jdbc4.JDBC4Connection@5d13190d)
26 Mar 2025 01:22:55,231 TRACE ro.mpp2024.repository.RepositoryDBGame 26 findOne - Enter Finding game by id 11
26 Mar 2025 01:22:55,232 TRACE ro.mpp2024.repository.JdbcUtils 48 getConnection - Enter
26 Mar 2025 01:22:55,233 TRACE ro.mpp2024.repository.JdbcUtils 57 getConnection - Exit with(org.sqlite.jdbc4.JDBC4Connection@5d13190d)
26 Mar 2025 01:22:55,237 TRACE ro.mpp2024.repository.RepositoryDBGame 125 update - Enter Updating game ro.mpp2024.domain.Game@737f5974
26 Mar 2025 01:22:55,238 TRACE ro.mpp2024.repository.JdbcUtils 48 getConnection - Enter
26 Mar 2025 01:22:55,238 TRACE ro.mpp2024.repository.JdbcUtils 57 getConnection - Exit with(org.sqlite.jdbc4.JDBC4Connection@5d13190d)
26 Mar 2025 01:22:55,251 TRACE ro.mpp2024.repository.RepositoryDBPurchase 75 save - Enter Saving purchase ro.mpp2024.domain.Purchase@1c396f1f
26 Mar 2025 01:22:55,251 TRACE ro.mpp2024.repository.JdbcUtils 48 getConnection - Enter
26 Mar 2025 01:22:55,252 TRACE ro.mpp2024.repository.JdbcUtils 57 getConnection - Exit with(org.sqlite.jdbc4.JDBC4Connection@5d13190d)
26 Mar 2025 01:22:57,036 TRACE ro.mpp2024.repository.RepositoryDBGame 148 findByTypeOrderedByDate - Enter Finding games by type REGULAR ordered by date
26 Mar 2025 01:22:57,037 TRACE ro.mpp2024.repository.JdbcUtils 48 getConnection - Enter
26 Mar 2025 01:22:57,038 TRACE ro.mpp2024.repository.JdbcUtils 57 getConnection - Exit with(org.sqlite.jdbc4.JDBC4Connection@5d13190d)
26 Mar 2025 01:25:46,804 TRACE ro.mpp2024.repository.RepositoryDBUser 51 findAll - Enter Finding all users
26 Mar 2025 01:25:46,817 TRACE ro.mpp2024.repository.JdbcUtils 48 getConnection - Enter
26 Mar 2025 01:25:46,818 TRACE ro.mpp2024.repository.JdbcUtils 26 getNewConnection - Enter
26 Mar 2025 01:25:46,825 INFO  ro.mpp2024.repository.JdbcUtils 31 getNewConnection - trying to connect to database ... jdbc:sqlite:C:\Intellij Projects\basket.db
26 Mar 2025 01:25:46,830 INFO  ro.mpp2024.repository.JdbcUtils 32 getNewConnection - user: null
26 Mar 2025 01:25:46,832 INFO  ro.mpp2024.repository.JdbcUtils 33 getNewConnection - pass: null
26 Mar 2025 01:25:47,334 TRACE ro.mpp2024.repository.JdbcUtils 57 getConnection - Exit with(org.sqlite.jdbc4.JDBC4Connection@3007a0fa)
26 Mar 2025 01:25:50,413 TRACE ro.mpp2024.repository.RepositoryDBGame 148 findByTypeOrderedByDate - Enter Finding games by type REGULAR ordered by date
26 Mar 2025 01:25:50,415 TRACE ro.mpp2024.repository.JdbcUtils 48 getConnection - Enter
26 Mar 2025 01:25:50,416 TRACE ro.mpp2024.repository.JdbcUtils 57 getConnection - Exit with(org.sqlite.jdbc4.JDBC4Connection@3007a0fa)
26 Mar 2025 01:26:06,514 TRACE ro.mpp2024.repository.RepositoryDBGame 148 findByTypeOrderedByDate - Enter Finding games by type PLAYOFF ordered by date
26 Mar 2025 01:26:06,516 TRACE ro.mpp2024.repository.JdbcUtils 48 getConnection - Enter
26 Mar 2025 01:26:06,517 TRACE ro.mpp2024.repository.JdbcUtils 57 getConnection - Exit with(org.sqlite.jdbc4.JDBC4Connection@3007a0fa)
26 Mar 2025 01:26:08,225 TRACE ro.mpp2024.repository.RepositoryDBGame 148 findByTypeOrderedByDate - Enter Finding games by type QUARTERFINAL ordered by date
26 Mar 2025 01:26:08,226 TRACE ro.mpp2024.repository.JdbcUtils 48 getConnection - Enter
26 Mar 2025 01:26:08,227 TRACE ro.mpp2024.repository.JdbcUtils 57 getConnection - Exit with(org.sqlite.jdbc4.JDBC4Connection@3007a0fa)
26 Mar 2025 01:26:09,794 TRACE ro.mpp2024.repository.RepositoryDBGame 148 findByTypeOrderedByDate - Enter Finding games by type SEMIFINAL ordered by date
26 Mar 2025 01:26:09,795 TRACE ro.mpp2024.repository.JdbcUtils 48 getConnection - Enter
26 Mar 2025 01:26:09,795 TRACE ro.mpp2024.repository.JdbcUtils 57 getConnection - Exit with(org.sqlite.jdbc4.JDBC4Connection@3007a0fa)
26 Mar 2025 01:26:11,671 TRACE ro.mpp2024.repository.RepositoryDBGame 148 findByTypeOrderedByDate - Enter Finding games by type FINAL ordered by date
26 Mar 2025 01:26:11,672 TRACE ro.mpp2024.repository.JdbcUtils 48 getConnection - Enter
26 Mar 2025 01:26:11,673 TRACE ro.mpp2024.repository.JdbcUtils 57 getConnection - Exit with(org.sqlite.jdbc4.JDBC4Connection@3007a0fa)
26 Mar 2025 01:26:13,255 TRACE ro.mpp2024.repository.RepositoryDBGame 148 findByTypeOrderedByDate - Enter Finding games by type REGULAR ordered by date
26 Mar 2025 01:26:13,256 TRACE ro.mpp2024.repository.JdbcUtils 48 getConnection - Enter
26 Mar 2025 01:26:13,258 TRACE ro.mpp2024.repository.JdbcUtils 57 getConnection - Exit with(org.sqlite.jdbc4.JDBC4Connection@3007a0fa)
26 Mar 2025 01:26:37,169 TRACE ro.mpp2024.repository.RepositoryDBGame 148 findByTypeOrderedByDate - Enter Finding games by type REGULAR ordered by date
26 Mar 2025 01:26:37,170 TRACE ro.mpp2024.repository.JdbcUtils 48 getConnection - Enter
26 Mar 2025 01:26:37,171 TRACE ro.mpp2024.repository.JdbcUtils 57 getConnection - Exit with(org.sqlite.jdbc4.JDBC4Connection@3007a0fa)
26 Mar 2025 01:26:41,317 TRACE ro.mpp2024.repository.RepositoryDBGame 148 findByTypeOrderedByDate - Enter Finding games by type REGULAR ordered by date
26 Mar 2025 01:26:41,318 TRACE ro.mpp2024.repository.JdbcUtils 48 getConnection - Enter
26 Mar 2025 01:26:41,319 TRACE ro.mpp2024.repository.JdbcUtils 57 getConnection - Exit with(org.sqlite.jdbc4.JDBC4Connection@3007a0fa)
26 Mar 2025 01:26:44,870 TRACE ro.mpp2024.repository.RepositoryDBGame 148 findByTypeOrderedByDate - Enter Finding games by type REGULAR ordered by date
26 Mar 2025 01:26:44,871 TRACE ro.mpp2024.repository.JdbcUtils 48 getConnection - Enter
26 Mar 2025 01:26:44,872 TRACE ro.mpp2024.repository.JdbcUtils 57 getConnection - Exit with(org.sqlite.jdbc4.JDBC4Connection@3007a0fa)
26 Mar 2025 01:26:54,758 TRACE ro.mpp2024.repository.RepositoryDBGame 148 findByTypeOrderedByDate - Enter Finding games by type REGULAR ordered by date
26 Mar 2025 01:26:54,759 TRACE ro.mpp2024.repository.JdbcUtils 48 getConnection - Enter
26 Mar 2025 01:26:54,760 TRACE ro.mpp2024.repository.JdbcUtils 57 getConnection - Exit with(org.sqlite.jdbc4.JDBC4Connection@3007a0fa)
26 Mar 2025 01:28:13,862 TRACE ro.mpp2024.repository.RepositoryDBUser 51 findAll - Enter Finding all users
26 Mar 2025 01:28:13,876 TRACE ro.mpp2024.repository.JdbcUtils 48 getConnection - Enter
26 Mar 2025 01:28:13,877 TRACE ro.mpp2024.repository.JdbcUtils 26 getNewConnection - Enter
26 Mar 2025 01:28:13,881 INFO  ro.mpp2024.repository.JdbcUtils 31 getNewConnection - trying to connect to database ... jdbc:sqlite:C:\Intellij Projects\basket.db
26 Mar 2025 01:28:13,884 INFO  ro.mpp2024.repository.JdbcUtils 32 getNewConnection - user: null
26 Mar 2025 01:28:13,885 INFO  ro.mpp2024.repository.JdbcUtils 33 getNewConnection - pass: null
26 Mar 2025 01:28:14,340 TRACE ro.mpp2024.repository.JdbcUtils 57 getConnection - Exit with(org.sqlite.jdbc4.JDBC4Connection@47f26116)
26 Mar 2025 01:30:45,447 TRACE ro.mpp2024.repository.RepositoryDBUser 51 findAll - Enter Finding all users
26 Mar 2025 01:30:45,457 TRACE ro.mpp2024.repository.JdbcUtils 48 getConnection - Enter
26 Mar 2025 01:30:45,458 TRACE ro.mpp2024.repository.JdbcUtils 26 getNewConnection - Enter
26 Mar 2025 01:30:45,462 INFO  ro.mpp2024.repository.JdbcUtils 31 getNewConnection - trying to connect to database ... jdbc:sqlite:C:\Intellij Projects\basket.db
26 Mar 2025 01:30:45,465 INFO  ro.mpp2024.repository.JdbcUtils 32 getNewConnection - user: null
26 Mar 2025 01:30:45,466 INFO  ro.mpp2024.repository.JdbcUtils 33 getNewConnection - pass: null
26 Mar 2025 01:30:45,864 TRACE ro.mpp2024.repository.JdbcUtils 57 getConnection - Exit with(org.sqlite.jdbc4.JDBC4Connection@47f26116)
26 Mar 2025 01:30:51,503 TRACE ro.mpp2024.repository.RepositoryDBGame 148 findByTypeOrderedByDate - Enter Finding games by type FINAL ordered by date
26 Mar 2025 01:30:51,505 TRACE ro.mpp2024.repository.JdbcUtils 48 getConnection - Enter
26 Mar 2025 01:30:51,506 TRACE ro.mpp2024.repository.JdbcUtils 57 getConnection - Exit with(org.sqlite.jdbc4.JDBC4Connection@47f26116)
26 Mar 2025 01:31:03,652 TRACE ro.mpp2024.repository.RepositoryDBGame 148 findByTypeOrderedByDate - Enter Finding games by type QUARTERFINAL ordered by date
26 Mar 2025 01:31:03,654 TRACE ro.mpp2024.repository.JdbcUtils 48 getConnection - Enter
26 Mar 2025 01:31:03,655 TRACE ro.mpp2024.repository.JdbcUtils 57 getConnection - Exit with(org.sqlite.jdbc4.JDBC4Connection@47f26116)
26 Mar 2025 01:31:06,628 TRACE ro.mpp2024.repository.RepositoryDBGame 148 findByTypeOrderedByDate - Enter Finding games by type REGULAR ordered by date
26 Mar 2025 01:31:06,629 TRACE ro.mpp2024.repository.JdbcUtils 48 getConnection - Enter
26 Mar 2025 01:31:06,630 TRACE ro.mpp2024.repository.JdbcUtils 57 getConnection - Exit with(org.sqlite.jdbc4.JDBC4Connection@47f26116)
26 Mar 2025 01:31:09,769 TRACE ro.mpp2024.repository.RepositoryDBGame 148 findByTypeOrderedByDate - Enter Finding games by type QUARTERFINAL ordered by date
26 Mar 2025 01:31:09,770 TRACE ro.mpp2024.repository.JdbcUtils 48 getConnection - Enter
26 Mar 2025 01:31:09,770 TRACE ro.mpp2024.repository.JdbcUtils 57 getConnection - Exit with(org.sqlite.jdbc4.JDBC4Connection@47f26116)
26 Mar 2025 01:33:46,582 TRACE ro.mpp2024.repository.RepositoryDBUser 51 findAll - Enter Finding all users
26 Mar 2025 01:33:46,595 TRACE ro.mpp2024.repository.JdbcUtils 48 getConnection - Enter
26 Mar 2025 01:33:46,596 TRACE ro.mpp2024.repository.JdbcUtils 26 getNewConnection - Enter
26 Mar 2025 01:33:46,601 INFO  ro.mpp2024.repository.JdbcUtils 31 getNewConnection - trying to connect to database ... jdbc:sqlite:C:\Intellij Projects\basket.db
26 Mar 2025 01:33:46,603 INFO  ro.mpp2024.repository.JdbcUtils 32 getNewConnection - user: null
26 Mar 2025 01:33:46,605 INFO  ro.mpp2024.repository.JdbcUtils 33 getNewConnection - pass: null
26 Mar 2025 01:33:47,041 TRACE ro.mpp2024.repository.JdbcUtils 57 getConnection - Exit with(org.sqlite.jdbc4.JDBC4Connection@3866e555)
26 Mar 2025 01:35:09,198 TRACE ro.mpp2024.repository.RepositoryDBUser 51 findAll - Enter Finding all users
26 Mar 2025 01:35:09,207 TRACE ro.mpp2024.repository.JdbcUtils 48 getConnection - Enter
26 Mar 2025 01:35:09,208 TRACE ro.mpp2024.repository.JdbcUtils 26 getNewConnection - Enter
26 Mar 2025 01:35:09,211 INFO  ro.mpp2024.repository.JdbcUtils 31 getNewConnection - trying to connect to database ... jdbc:sqlite:C:\Intellij Projects\basket.db
26 Mar 2025 01:35:09,213 INFO  ro.mpp2024.repository.JdbcUtils 32 getNewConnection - user: null
26 Mar 2025 01:35:09,214 INFO  ro.mpp2024.repository.JdbcUtils 33 getNewConnection - pass: null
26 Mar 2025 01:35:09,553 TRACE ro.mpp2024.repository.JdbcUtils 57 getConnection - Exit with(org.sqlite.jdbc4.JDBC4Connection@2f4f12d6)
26 Mar 2025 01:37:15,534 TRACE ro.mpp2024.repository.RepositoryDBUser 51 findAll - Enter Finding all users
26 Mar 2025 01:37:15,543 TRACE ro.mpp2024.repository.JdbcUtils 48 getConnection - Enter
26 Mar 2025 01:37:15,543 TRACE ro.mpp2024.repository.JdbcUtils 26 getNewConnection - Enter
26 Mar 2025 01:37:15,547 INFO  ro.mpp2024.repository.JdbcUtils 31 getNewConnection - trying to connect to database ... jdbc:sqlite:C:\Intellij Projects\basket.db
26 Mar 2025 01:37:15,549 INFO  ro.mpp2024.repository.JdbcUtils 32 getNewConnection - user: null
26 Mar 2025 01:37:15,550 INFO  ro.mpp2024.repository.JdbcUtils 33 getNewConnection - pass: null
26 Mar 2025 01:37:15,912 TRACE ro.mpp2024.repository.JdbcUtils 57 getConnection - Exit with(org.sqlite.jdbc4.JDBC4Connection@47f26116)
26 Mar 2025 01:39:13,753 TRACE ro.mpp2024.repository.RepositoryDBUser 51 findAll - Enter Finding all users
26 Mar 2025 01:39:13,766 TRACE ro.mpp2024.repository.JdbcUtils 48 getConnection - Enter
26 Mar 2025 01:39:13,767 TRACE ro.mpp2024.repository.JdbcUtils 26 getNewConnection - Enter
26 Mar 2025 01:39:13,772 INFO  ro.mpp2024.repository.JdbcUtils 31 getNewConnection - trying to connect to database ... jdbc:sqlite:C:\Intellij Projects\basket.db
26 Mar 2025 01:39:13,775 INFO  ro.mpp2024.repository.JdbcUtils 32 getNewConnection - user: null
26 Mar 2025 01:39:13,776 INFO  ro.mpp2024.repository.JdbcUtils 33 getNewConnection - pass: null
26 Mar 2025 01:39:14,192 TRACE ro.mpp2024.repository.JdbcUtils 57 getConnection - Exit with(org.sqlite.jdbc4.JDBC4Connection@5b018446)
26 Mar 2025 01:39:16,706 TRACE ro.mpp2024.repository.RepositoryDBUser 51 findAll - Enter Finding all users
26 Mar 2025 01:39:16,707 TRACE ro.mpp2024.repository.JdbcUtils 48 getConnection - Enter
26 Mar 2025 01:39:16,708 TRACE ro.mpp2024.repository.JdbcUtils 57 getConnection - Exit with(org.sqlite.jdbc4.JDBC4Connection@5b018446)
26 Mar 2025 01:40:59,766 TRACE ro.mpp2024.repository.RepositoryDBUser 51 findAll - Enter Finding all users
26 Mar 2025 01:40:59,777 TRACE ro.mpp2024.repository.JdbcUtils 48 getConnection - Enter
26 Mar 2025 01:40:59,778 TRACE ro.mpp2024.repository.JdbcUtils 26 getNewConnection - Enter
26 Mar 2025 01:40:59,783 INFO  ro.mpp2024.repository.JdbcUtils 31 getNewConnection - trying to connect to database ... jdbc:sqlite:C:\Intellij Projects\basket.db
26 Mar 2025 01:40:59,784 INFO  ro.mpp2024.repository.JdbcUtils 32 getNewConnection - user: null
26 Mar 2025 01:40:59,786 INFO  ro.mpp2024.repository.JdbcUtils 33 getNewConnection - pass: null
26 Mar 2025 01:41:00,129 TRACE ro.mpp2024.repository.JdbcUtils 57 getConnection - Exit with(org.sqlite.jdbc4.JDBC4Connection@3007a0fa)
26 Mar 2025 01:42:08,683 TRACE ro.mpp2024.repository.RepositoryDBUser 51 findAll - Enter Finding all users
26 Mar 2025 01:42:08,693 TRACE ro.mpp2024.repository.JdbcUtils 48 getConnection - Enter
26 Mar 2025 01:42:08,695 TRACE ro.mpp2024.repository.JdbcUtils 26 getNewConnection - Enter
26 Mar 2025 01:42:08,699 INFO  ro.mpp2024.repository.JdbcUtils 31 getNewConnection - trying to connect to database ... jdbc:sqlite:C:\Intellij Projects\basket.db
26 Mar 2025 01:42:08,702 INFO  ro.mpp2024.repository.JdbcUtils 32 getNewConnection - user: null
26 Mar 2025 01:42:08,704 INFO  ro.mpp2024.repository.JdbcUtils 33 getNewConnection - pass: null
26 Mar 2025 01:42:09,061 TRACE ro.mpp2024.repository.JdbcUtils 57 getConnection - Exit with(org.sqlite.jdbc4.JDBC4Connection@54db257d)
26 Mar 2025 01:43:28,648 TRACE ro.mpp2024.repository.RepositoryDBUser 51 findAll - Enter Finding all users
26 Mar 2025 01:43:28,654 TRACE ro.mpp2024.repository.JdbcUtils 48 getConnection - Enter
26 Mar 2025 01:43:28,655 TRACE ro.mpp2024.repository.JdbcUtils 26 getNewConnection - Enter
26 Mar 2025 01:43:28,659 INFO  ro.mpp2024.repository.JdbcUtils 31 getNewConnection - trying to connect to database ... jdbc:sqlite:C:\Intellij Projects\basket.db
26 Mar 2025 01:43:28,661 INFO  ro.mpp2024.repository.JdbcUtils 32 getNewConnection - user: null
26 Mar 2025 01:43:28,662 INFO  ro.mpp2024.repository.JdbcUtils 33 getNewConnection - pass: null
26 Mar 2025 01:43:29,002 TRACE ro.mpp2024.repository.JdbcUtils 57 getConnection - Exit with(org.sqlite.jdbc4.JDBC4Connection@63c15edf)
26 Mar 2025 01:44:31,480 TRACE ro.mpp2024.repository.RepositoryDBUser 51 findAll - Enter Finding all users
26 Mar 2025 01:44:31,486 TRACE ro.mpp2024.repository.JdbcUtils 48 getConnection - Enter
26 Mar 2025 01:44:31,486 TRACE ro.mpp2024.repository.JdbcUtils 26 getNewConnection - Enter
26 Mar 2025 01:44:31,489 INFO  ro.mpp2024.repository.JdbcUtils 31 getNewConnection - trying to connect to database ... jdbc:sqlite:C:\Intellij Projects\basket.db
26 Mar 2025 01:44:31,491 INFO  ro.mpp2024.repository.JdbcUtils 32 getNewConnection - user: null
26 Mar 2025 01:44:31,491 INFO  ro.mpp2024.repository.JdbcUtils 33 getNewConnection - pass: null
26 Mar 2025 01:44:31,786 TRACE ro.mpp2024.repository.JdbcUtils 57 getConnection - Exit with(org.sqlite.jdbc4.JDBC4Connection@123a2cd2)
26 Mar 2025 01:44:35,056 TRACE ro.mpp2024.repository.RepositoryDBGame 148 findByTypeOrderedByDate - Enter Finding games by type QUARTERFINAL ordered by date
26 Mar 2025 01:44:35,057 TRACE ro.mpp2024.repository.JdbcUtils 48 getConnection - Enter
26 Mar 2025 01:44:35,058 TRACE ro.mpp2024.repository.JdbcUtils 57 getConnection - Exit with(org.sqlite.jdbc4.JDBC4Connection@123a2cd2)
26 Mar 2025 01:44:38,285 TRACE ro.mpp2024.repository.RepositoryDBGame 148 findByTypeOrderedByDate - Enter Finding games by type PLAYOFF ordered by date
26 Mar 2025 01:44:38,286 TRACE ro.mpp2024.repository.JdbcUtils 48 getConnection - Enter
26 Mar 2025 01:44:38,286 TRACE ro.mpp2024.repository.JdbcUtils 57 getConnection - Exit with(org.sqlite.jdbc4.JDBC4Connection@123a2cd2)
26 Mar 2025 01:44:41,290 TRACE ro.mpp2024.repository.RepositoryDBGame 148 findByTypeOrderedByDate - Enter Finding games by type REGULAR ordered by date
26 Mar 2025 01:44:41,291 TRACE ro.mpp2024.repository.JdbcUtils 48 getConnection - Enter
26 Mar 2025 01:44:41,291 TRACE ro.mpp2024.repository.JdbcUtils 57 getConnection - Exit with(org.sqlite.jdbc4.JDBC4Connection@123a2cd2)
26 Mar 2025 01:44:58,980 TRACE ro.mpp2024.repository.RepositoryDBGame 148 findByTypeOrderedByDate - Enter Finding games by type REGULAR ordered by date
26 Mar 2025 01:44:58,981 TRACE ro.mpp2024.repository.JdbcUtils 48 getConnection - Enter
26 Mar 2025 01:44:58,982 TRACE ro.mpp2024.repository.JdbcUtils 57 getConnection - Exit with(org.sqlite.jdbc4.JDBC4Connection@123a2cd2)
26 Mar 2025 11:26:54,550 TRACE ro.mpp2024.repository.RepositoryDBUser 51 findAll - Enter Finding all users
26 Mar 2025 11:26:54,561 TRACE ro.mpp2024.repository.JdbcUtils 48 getConnection - Enter
26 Mar 2025 11:26:54,564 TRACE ro.mpp2024.repository.JdbcUtils 26 getNewConnection - Enter
26 Mar 2025 11:26:54,578 INFO  ro.mpp2024.repository.JdbcUtils 31 getNewConnection - trying to connect to database ... jdbc:sqlite:C:\Intellij Projects\basket.db
26 Mar 2025 11:26:54,581 INFO  ro.mpp2024.repository.JdbcUtils 32 getNewConnection - user: null
26 Mar 2025 11:26:54,583 INFO  ro.mpp2024.repository.JdbcUtils 33 getNewConnection - pass: null
26 Mar 2025 11:26:55,402 TRACE ro.mpp2024.repository.JdbcUtils 57 getConnection - Exit with(org.sqlite.jdbc4.JDBC4Connection@29a624d2)
26 Mar 2025 11:27:04,014 TRACE ro.mpp2024.repository.RepositoryDBUser 51 findAll - Enter Finding all users
26 Mar 2025 11:27:04,016 TRACE ro.mpp2024.repository.JdbcUtils 48 getConnection - Enter
26 Mar 2025 11:27:04,017 TRACE ro.mpp2024.repository.JdbcUtils 57 getConnection - Exit with(org.sqlite.jdbc4.JDBC4Connection@29a624d2)
26 Mar 2025 11:27:17,588 TRACE ro.mpp2024.repository.RepositoryDBUser 51 findAll - Enter Finding all users
26 Mar 2025 11:27:17,588 TRACE ro.mpp2024.repository.JdbcUtils 48 getConnection - Enter
26 Mar 2025 11:27:17,589 TRACE ro.mpp2024.repository.JdbcUtils 57 getConnection - Exit with(org.sqlite.jdbc4.JDBC4Connection@29a624d2)
26 Mar 2025 11:27:22,357 TRACE ro.mpp2024.repository.RepositoryDBUser 51 findAll - Enter Finding all users
26 Mar 2025 11:27:22,358 TRACE ro.mpp2024.repository.JdbcUtils 48 getConnection - Enter
26 Mar 2025 11:27:22,359 TRACE ro.mpp2024.repository.JdbcUtils 57 getConnection - Exit with(org.sqlite.jdbc4.JDBC4Connection@29a624d2)
26 Mar 2025 11:27:27,718 TRACE ro.mpp2024.repository.RepositoryDBUser 51 findAll - Enter Finding all users
26 Mar 2025 11:27:27,719 TRACE ro.mpp2024.repository.JdbcUtils 48 getConnection - Enter
26 Mar 2025 11:27:27,720 TRACE ro.mpp2024.repository.JdbcUtils 57 getConnection - Exit with(org.sqlite.jdbc4.JDBC4Connection@29a624d2)
26 Mar 2025 11:27:27,723 TRACE ro.mpp2024.repository.RepositoryDBUser 75 save - Enter Saving user ro.mpp2024.domain.User@1594958c
26 Mar 2025 11:27:27,723 TRACE ro.mpp2024.repository.JdbcUtils 48 getConnection - Enter
26 Mar 2025 11:27:27,724 TRACE ro.mpp2024.repository.JdbcUtils 57 getConnection - Exit with(org.sqlite.jdbc4.JDBC4Connection@29a624d2)
26 Mar 2025 11:27:36,408 TRACE ro.mpp2024.repository.RepositoryDBUser 51 findAll - Enter Finding all users
26 Mar 2025 11:27:36,409 TRACE ro.mpp2024.repository.JdbcUtils 48 getConnection - Enter
26 Mar 2025 11:27:36,410 TRACE ro.mpp2024.repository.JdbcUtils 57 getConnection - Exit with(org.sqlite.jdbc4.JDBC4Connection@29a624d2)
26 Mar 2025 11:27:45,040 TRACE ro.mpp2024.repository.RepositoryDBUser 51 findAll - Enter Finding all users
26 Mar 2025 11:27:45,041 TRACE ro.mpp2024.repository.JdbcUtils 48 getConnection - Enter
26 Mar 2025 11:27:45,041 TRACE ro.mpp2024.repository.JdbcUtils 57 getConnection - Exit with(org.sqlite.jdbc4.JDBC4Connection@29a624d2)
26 Mar 2025 11:27:51,966 TRACE ro.mpp2024.repository.RepositoryDBGame 148 findByTypeOrderedByDate - Enter Finding games by type FINAL ordered by date
26 Mar 2025 11:27:51,967 TRACE ro.mpp2024.repository.JdbcUtils 48 getConnection - Enter
26 Mar 2025 11:27:51,968 TRACE ro.mpp2024.repository.JdbcUtils 57 getConnection - Exit with(org.sqlite.jdbc4.JDBC4Connection@29a624d2)
26 Mar 2025 11:27:55,941 TRACE ro.mpp2024.repository.RepositoryDBGame 148 findByTypeOrderedByDate - Enter Finding games by type SEMIFINAL ordered by date
26 Mar 2025 11:27:55,942 TRACE ro.mpp2024.repository.JdbcUtils 48 getConnection - Enter
26 Mar 2025 11:27:55,943 TRACE ro.mpp2024.repository.JdbcUtils 57 getConnection - Exit with(org.sqlite.jdbc4.JDBC4Connection@29a624d2)
26 Mar 2025 11:27:59,932 TRACE ro.mpp2024.repository.RepositoryDBGame 148 findByTypeOrderedByDate - Enter Finding games by type QUARTERFINAL ordered by date
26 Mar 2025 11:27:59,933 TRACE ro.mpp2024.repository.JdbcUtils 48 getConnection - Enter
26 Mar 2025 11:27:59,934 TRACE ro.mpp2024.repository.JdbcUtils 57 getConnection - Exit with(org.sqlite.jdbc4.JDBC4Connection@29a624d2)
26 Mar 2025 11:28:02,004 TRACE ro.mpp2024.repository.RepositoryDBGame 148 findByTypeOrderedByDate - Enter Finding games by type PLAYOFF ordered by date
26 Mar 2025 11:28:02,005 TRACE ro.mpp2024.repository.JdbcUtils 48 getConnection - Enter
26 Mar 2025 11:28:02,005 TRACE ro.mpp2024.repository.JdbcUtils 57 getConnection - Exit with(org.sqlite.jdbc4.JDBC4Connection@29a624d2)
26 Mar 2025 11:28:03,221 TRACE ro.mpp2024.repository.RepositoryDBGame 148 findByTypeOrderedByDate - Enter Finding games by type REGULAR ordered by date
26 Mar 2025 11:28:03,221 TRACE ro.mpp2024.repository.JdbcUtils 48 getConnection - Enter
26 Mar 2025 11:28:03,222 TRACE ro.mpp2024.repository.JdbcUtils 57 getConnection - Exit with(org.sqlite.jdbc4.JDBC4Connection@29a624d2)
26 Mar 2025 11:29:03,686 TRACE ro.mpp2024.repository.RepositoryDBGame 26 findOne - Enter Finding game by id 7
26 Mar 2025 11:29:03,686 TRACE ro.mpp2024.repository.JdbcUtils 48 getConnection - Enter
26 Mar 2025 11:29:03,687 TRACE ro.mpp2024.repository.JdbcUtils 57 getConnection - Exit with(org.sqlite.jdbc4.JDBC4Connection@29a624d2)
26 Mar 2025 11:29:03,698 TRACE ro.mpp2024.repository.RepositoryDBGame 125 update - Enter Updating game ro.mpp2024.domain.Game@4413e350
26 Mar 2025 11:29:03,700 TRACE ro.mpp2024.repository.JdbcUtils 48 getConnection - Enter
26 Mar 2025 11:29:03,703 TRACE ro.mpp2024.repository.JdbcUtils 57 getConnection - Exit with(org.sqlite.jdbc4.JDBC4Connection@29a624d2)
26 Mar 2025 11:29:03,715 TRACE ro.mpp2024.repository.RepositoryDBPurchase 75 save - Enter Saving purchase ro.mpp2024.domain.Purchase@370b81a2
26 Mar 2025 11:29:03,716 TRACE ro.mpp2024.repository.JdbcUtils 48 getConnection - Enter
26 Mar 2025 11:29:03,716 TRACE ro.mpp2024.repository.JdbcUtils 57 getConnection - Exit with(org.sqlite.jdbc4.JDBC4Connection@29a624d2)
26 Mar 2025 11:29:06,927 TRACE ro.mpp2024.repository.RepositoryDBGame 148 findByTypeOrderedByDate - Enter Finding games by type REGULAR ordered by date
26 Mar 2025 11:29:06,928 TRACE ro.mpp2024.repository.JdbcUtils 48 getConnection - Enter
26 Mar 2025 11:29:06,929 TRACE ro.mpp2024.repository.JdbcUtils 57 getConnection - Exit with(org.sqlite.jdbc4.JDBC4Connection@29a624d2)
27 Mar 2025 14:03:59,600 TRACE ro.mpp2024.repository.RepositoryDBUser 51 findAll - Enter Finding all users
27 Mar 2025 14:03:59,605 TRACE ro.mpp2024.repository.JdbcUtils 48 getConnection - Enter
27 Mar 2025 14:03:59,606 TRACE ro.mpp2024.repository.JdbcUtils 26 getNewConnection - Enter
27 Mar 2025 14:03:59,609 INFO  ro.mpp2024.repository.JdbcUtils 31 getNewConnection - trying to connect to database ... jdbc:sqlite:C:\Intellij Projects\basket.db
27 Mar 2025 14:03:59,611 INFO  ro.mpp2024.repository.JdbcUtils 32 getNewConnection - user: null
27 Mar 2025 14:03:59,611 INFO  ro.mpp2024.repository.JdbcUtils 33 getNewConnection - pass: null
27 Mar 2025 14:03:59,916 TRACE ro.mpp2024.repository.JdbcUtils 57 getConnection - Exit with(org.sqlite.jdbc4.JDBC4Connection@cac1f33)
27 Mar 2025 14:04:32,237 TRACE ro.mpp2024.repository.RepositoryDBUser 51 findAll - Enter Finding all users
27 Mar 2025 14:04:32,238 TRACE ro.mpp2024.repository.JdbcUtils 48 getConnection - Enter
27 Mar 2025 14:04:32,239 TRACE ro.mpp2024.repository.JdbcUtils 57 getConnection - Exit with(org.sqlite.jdbc4.JDBC4Connection@cac1f33)
27 Mar 2025 14:04:35,144 TRACE ro.mpp2024.repository.RepositoryDBGame 148 findByTypeOrderedByDate - Enter Finding games by type SEMIFINAL ordered by date
27 Mar 2025 14:04:35,145 TRACE ro.mpp2024.repository.JdbcUtils 48 getConnection - Enter
27 Mar 2025 14:04:35,145 TRACE ro.mpp2024.repository.JdbcUtils 57 getConnection - Exit with(org.sqlite.jdbc4.JDBC4Connection@cac1f33)
27 Mar 2025 14:04:37,974 TRACE ro.mpp2024.repository.RepositoryDBGame 148 findByTypeOrderedByDate - Enter Finding games by type FINAL ordered by date
27 Mar 2025 14:04:37,975 TRACE ro.mpp2024.repository.JdbcUtils 48 getConnection - Enter
27 Mar 2025 14:04:37,975 TRACE ro.mpp2024.repository.JdbcUtils 57 getConnection - Exit with(org.sqlite.jdbc4.JDBC4Connection@cac1f33)
27 Mar 2025 14:04:56,280 TRACE ro.mpp2024.repository.RepositoryDBGame 148 findByTypeOrderedByDate - Enter Finding games by type FINAL ordered by date
27 Mar 2025 14:04:56,281 TRACE ro.mpp2024.repository.JdbcUtils 48 getConnection - Enter
27 Mar 2025 14:04:56,282 TRACE ro.mpp2024.repository.JdbcUtils 57 getConnection - Exit with(org.sqlite.jdbc4.JDBC4Connection@cac1f33)
27 Mar 2025 14:04:58,761 TRACE ro.mpp2024.repository.RepositoryDBGame 148 findByTypeOrderedByDate - Enter Finding games by type REGULAR ordered by date
27 Mar 2025 14:04:58,761 TRACE ro.mpp2024.repository.JdbcUtils 48 getConnection - Enter
27 Mar 2025 14:04:58,762 TRACE ro.mpp2024.repository.JdbcUtils 57 getConnection - Exit with(org.sqlite.jdbc4.JDBC4Connection@cac1f33)
27 Mar 2025 14:53:13,150 TRACE ro.mpp2024.repository.RepositoryDBUser 51 findAll - Enter Finding all users
27 Mar 2025 14:53:13,164 TRACE ro.mpp2024.repository.JdbcUtils 48 getConnection - Enter
27 Mar 2025 14:53:13,165 TRACE ro.mpp2024.repository.JdbcUtils 26 getNewConnection - Enter
27 Mar 2025 14:53:13,169 INFO  ro.mpp2024.repository.JdbcUtils 31 getNewConnection - trying to connect to database ... jdbc:sqlite:C:\Intellij Projects\basket.db
27 Mar 2025 14:53:13,171 INFO  ro.mpp2024.repository.JdbcUtils 32 getNewConnection - user: null
27 Mar 2025 14:53:13,173 INFO  ro.mpp2024.repository.JdbcUtils 33 getNewConnection - pass: null
27 Mar 2025 14:53:14,049 TRACE ro.mpp2024.repository.JdbcUtils 57 getConnection - Exit with(org.sqlite.jdbc4.JDBC4Connection@47f26116)
27 Mar 2025 14:53:21,230 TRACE ro.mpp2024.repository.RepositoryDBGame 148 findByTypeOrderedByDate - Enter Finding games by type SEMIFINAL ordered by date
27 Mar 2025 14:53:21,231 TRACE ro.mpp2024.repository.JdbcUtils 48 getConnection - Enter
27 Mar 2025 14:53:21,232 TRACE ro.mpp2024.repository.JdbcUtils 57 getConnection - Exit with(org.sqlite.jdbc4.JDBC4Connection@47f26116)
27 Mar 2025 14:53:24,911 TRACE ro.mpp2024.repository.RepositoryDBGame 148 findByTypeOrderedByDate - Enter Finding games by type QUARTERFINAL ordered by date
27 Mar 2025 14:53:24,912 TRACE ro.mpp2024.repository.JdbcUtils 48 getConnection - Enter
27 Mar 2025 14:53:24,913 TRACE ro.mpp2024.repository.JdbcUtils 57 getConnection - Exit with(org.sqlite.jdbc4.JDBC4Connection@47f26116)
27 Mar 2025 14:53:28,057 TRACE ro.mpp2024.repository.RepositoryDBGame 148 findByTypeOrderedByDate - Enter Finding games by type REGULAR ordered by date
27 Mar 2025 14:53:28,058 TRACE ro.mpp2024.repository.JdbcUtils 48 getConnection - Enter
27 Mar 2025 14:53:28,059 TRACE ro.mpp2024.repository.JdbcUtils 57 getConnection - Exit with(org.sqlite.jdbc4.JDBC4Connection@47f26116)
27 Mar 2025 14:54:59,909 TRACE ro.mpp2024.repository.RepositoryDBGame 148 findByTypeOrderedByDate - Enter Finding games by type FINAL ordered by date
27 Mar 2025 14:54:59,909 TRACE ro.mpp2024.repository.JdbcUtils 48 getConnection - Enter
27 Mar 2025 14:54:59,909 TRACE ro.mpp2024.repository.JdbcUtils 57 getConnection - Exit with(org.sqlite.jdbc4.JDBC4Connection@47f26116)
27 Mar 2025 14:55:09,008 TRACE ro.mpp2024.repository.RepositoryDBGame 148 findByTypeOrderedByDate - Enter Finding games by type REGULAR ordered by date
27 Mar 2025 14:55:09,008 TRACE ro.mpp2024.repository.JdbcUtils 48 getConnection - Enter
27 Mar 2025 14:55:09,009 TRACE ro.mpp2024.repository.JdbcUtils 57 getConnection - Exit with(org.sqlite.jdbc4.JDBC4Connection@47f26116)
27 Mar 2025 14:55:34,121 TRACE ro.mpp2024.repository.RepositoryDBGame 26 findOne - Enter Finding game by id 5
27 Mar 2025 14:55:34,122 TRACE ro.mpp2024.repository.JdbcUtils 48 getConnection - Enter
27 Mar 2025 14:55:34,122 TRACE ro.mpp2024.repository.JdbcUtils 57 getConnection - Exit with(org.sqlite.jdbc4.JDBC4Connection@47f26116)
27 Mar 2025 14:55:34,126 TRACE ro.mpp2024.repository.RepositoryDBGame 125 update - Enter Updating game ro.mpp2024.domain.Game@786e58de
27 Mar 2025 14:55:34,127 TRACE ro.mpp2024.repository.JdbcUtils 48 getConnection - Enter
27 Mar 2025 14:55:34,127 TRACE ro.mpp2024.repository.JdbcUtils 57 getConnection - Exit with(org.sqlite.jdbc4.JDBC4Connection@47f26116)
27 Mar 2025 14:55:34,142 TRACE ro.mpp2024.repository.RepositoryDBPurchase 75 save - Enter Saving purchase ro.mpp2024.domain.Purchase@22cb297a
27 Mar 2025 14:55:34,143 TRACE ro.mpp2024.repository.JdbcUtils 48 getConnection - Enter
27 Mar 2025 14:55:34,144 TRACE ro.mpp2024.repository.JdbcUtils 57 getConnection - Exit with(org.sqlite.jdbc4.JDBC4Connection@47f26116)
27 Mar 2025 14:55:35,618 TRACE ro.mpp2024.repository.RepositoryDBGame 148 findByTypeOrderedByDate - Enter Finding games by type REGULAR ordered by date
27 Mar 2025 14:55:35,619 TRACE ro.mpp2024.repository.JdbcUtils 48 getConnection - Enter
27 Mar 2025 14:55:35,619 TRACE ro.mpp2024.repository.JdbcUtils 57 getConnection - Exit with(org.sqlite.jdbc4.JDBC4Connection@47f26116)
